region,day,today_max,yest_max,delta,lead,base_n,base_median,base_p5,base_p95,z,flag
NSW1,2026-10-11,8368,8382,-14,0,58,7.0,-82.3,113.04999999999998,-0.3332777870354941,False
NSW1,2026-10-12,10158,10162,-4,1,58,5.5,-98.05,77.29999999999997,-0.17087099240073744,False
NSW1,2026-10-13,8556,8499,57,2,58,8.5,-81.7,137.64999999999995,1.1478176082321006,False
NSW1,2026-10-14,8493,8454,39,3,58,-1.0,-101.75,176.89999999999998,0.523876318040074,False
NSW1,2026-10-15,8698,8653,45,4,58,10.5,-123.6,224.04999999999978,0.6289170595119604,False
NSW1,2026-10-16,8496,8634,-138,5,58,10.0,-207.54999999999998,218.59999999999997,-1.996492648050722,False
NSW1,2026-10-17,8071,8024,47,6,58,15.5,-170.3,193.89999999999986,0.307919694543663,False
NSW1,2026-10-18,7992,7975,17,7,58,-10.0,-174.3,152.6,0.32520090189050127,False
QLD1,2026-10-11,7763,7882,-119,0,58,-43.5,-103.05,17.15,-1.6427113658220303,False
QLD1,2026-10-12,8436,8481,-45,1,58,-16.5,-76.95,50.15,-0.6990176961848351,False
QLD1,2026-10-13,8331,8374,-43,2,58,-14.5,-79.15,48.04999999999996,-0.620096343389773,False
QLD1,2026-10-14,7878,7851,27,3,58,-11.0,-65.4,54.15,1.1650294936413919,False
QLD1,2026-10-15,7611,7604,7,4,58,-16.0,-64.95,49.15,0.8164888141032468,False
QLD1,2026-10-16,7572,7538,34,5,58,-1.0,-52.949999999999996,85.19999999999999,1.3115098100933795,False
QLD1,2026-10-17,7325,7315,10,6,58,-5.0,-56.9,77.99999999999997,0.41295352621016035,False
QLD1,2026-10-18,7476,7479,-3,7,58,-4.0,-82.15,75.54999999999998,0.029977367087848674,False
SA1,2026-10-11,1443,1433,10,0,58,-3.5,-46.6,24.15,0.7284500202347228,False
SA1,2026-10-12,1595,1599,-4,1,58,1.5,-40.15,34.3,-0.22483025315886507,False
SA1,2026-10-13,1639,1626,13,2,58,-7.0,-33.5,39.499999999999986,0.8993210126354604,False
SA1,2026-10-14,1655,1649,6,3,58,2.5,-53.9,56.3,0.17486797467911727,False
SA1,2026-10-15,1592,1576,16,4,58,2.0,-51.0,69.14999999999998,0.4842497760344786,False
SA1,2026-10-16,1452,1462,-10,5,58,5.0,-70.15,57.15,-0.5324927048499436,False
SA1,2026-10-17,1383,1373,10,6,58,1.5,-63.75,52.3,0.3698820293903909,False
SA1,2026-10-18,1535,1427,108,7,58,-3.5,-56.3,59.79999999999998,2.549346429886114,True
VIC1,2026-10-11,5532,5521,11,0,58,13.5,-69.95,105.29999999999997,-0.04268928857446805,False
VIC1,2026-10-12,6233,6231,2,1,58,-2.0,-84.3,137.7,0.05740346889162513,False
VIC1,2026-10-13,6740,6647,93,2,58,16.0,-112.4,149.84999999999997,1.1050167761637837,False
VIC1,2026-10-14,6705,6823,-118,3,58,8.5,-121.2,321.6,-1.565561120619987,False
VIC1,2026-10-15,6767,6401,366,4,58,18.0,-95.15,251.75,3.305954708420495,True
VIC1,2026-10-16,5881,6084,-203,5,58,12.5,-165.2,178.2999999999999,-1.9911336803726885,False
VIC1,2026-10-17,5262,5510,-248,6,58,4.0,-210.9,249.79999999999998,-2.518098835379289,True
VIC1,2026-10-18,5422,5581,-159,7,58,18.0,-182.4,183.34999999999997,-1.5605864631027104,False
