snap,snap_date,region,day,lead,today_max,yest_max,delta
06:00,2026-08-12,NSW1,2026-08-12,0,10579,10653,-74
06:00,2026-08-12,NSW1,2026-08-13,1,10528,10684,-156
06:00,2026-08-12,NSW1,2026-08-14,2,10151,10256,-105
06:00,2026-08-12,NSW1,2026-08-15,3,9727,9888,-161
06:00,2026-08-12,NSW1,2026-08-16,4,10210,10266,-56
06:00,2026-08-12,NSW1,2026-08-17,5,10892,10937,-45
06:00,2026-08-12,NSW1,2026-08-18,6,10737,10761,-24
06:00,2026-08-12,NSW1,2026-08-19,7,10413,10466,-53
06:00,2026-08-12,QLD1,2026-08-12,0,7625,7619,6
06:00,2026-08-12,QLD1,2026-08-13,1,7770,7769,1
06:00,2026-08-12,QLD1,2026-08-14,2,7517,7548,-31
06:00,2026-08-12,QLD1,2026-08-15,3,7250,7344,-94
06:00,2026-08-12,QLD1,2026-08-16,4,7531,7558,-27
06:00,2026-08-12,QLD1,2026-08-17,5,7903,7915,-12
06:00,2026-08-12,QLD1,2026-08-18,6,7897,7927,-30
06:00,2026-08-12,QLD1,2026-08-19,7,7875,7888,-13
06:00,2026-08-12,SA1,2026-08-12,0,2089,2104,-15
06:00,2026-08-12,SA1,2026-08-13,1,2037,2034,3
06:00,2026-08-12,SA1,2026-08-14,2,1939,1960,-21
06:00,2026-08-12,SA1,2026-08-15,3,1793,1829,-36
06:00,2026-08-12,SA1,2026-08-16,4,1872,1877,-5
06:00,2026-08-12,SA1,2026-08-17,5,1895,1950,-55
06:00,2026-08-12,SA1,2026-08-18,6,1822,1864,-42
06:00,2026-08-12,SA1,2026-08-19,7,1766,1805,-39
06:00,2026-08-12,VIC1,2026-08-12,0,8023,7998,25
06:00,2026-08-12,VIC1,2026-08-13,1,7736,7738,-2
06:00,2026-08-12,VIC1,2026-08-14,2,7542,7530,12
06:00,2026-08-12,VIC1,2026-08-15,3,7002,6989,13
06:00,2026-08-12,VIC1,2026-08-16,4,7036,7002,34
06:00,2026-08-12,VIC1,2026-08-17,5,7434,7455,-21
06:00,2026-08-12,VIC1,2026-08-18,6,7260,7281,-21
06:00,2026-08-12,VIC1,2026-08-19,7,7219,7143,76
06:00,2026-08-13,NSW1,2026-08-13,0,10424,10528,-104
06:00,2026-08-13,NSW1,2026-08-14,1,10133,10151,-18
06:00,2026-08-13,NSW1,2026-08-15,2,9716,9727,-11
06:00,2026-08-13,NSW1,2026-08-16,3,10262,10210,52
06:00,2026-08-13,NSW1,2026-08-17,4,10873,10892,-19
06:00,2026-08-13,NSW1,2026-08-18,5,10667,10737,-70
06:00,2026-08-13,NSW1,2026-08-19,6,10383,10413,-30
06:00,2026-08-13,NSW1,2026-08-20,7,10235,10208,27
06:00,2026-08-13,QLD1,2026-08-13,0,7744,7770,-26
06:00,2026-08-13,QLD1,2026-08-14,1,7490,7517,-27
06:00,2026-08-13,QLD1,2026-08-15,2,7231,7250,-19
06:00,2026-08-13,QLD1,2026-08-16,3,7514,7531,-17
06:00,2026-08-13,QLD1,2026-08-17,4,7884,7903,-19
06:00,2026-08-13,QLD1,2026-08-18,5,7903,7897,6
06:00,2026-08-13,QLD1,2026-08-19,6,7857,7875,-18
06:00,2026-08-13,QLD1,2026-08-20,7,7811,7814,-3
06:00,2026-08-13,SA1,2026-08-13,0,2032,2037,-5
06:00,2026-08-13,SA1,2026-08-14,1,1957,1939,18
06:00,2026-08-13,SA1,2026-08-15,2,1795,1793,2
06:00,2026-08-13,SA1,2026-08-16,3,1890,1872,18
06:00,2026-08-13,SA1,2026-08-17,4,1912,1895,17
06:00,2026-08-13,SA1,2026-08-18,5,1823,1822,1
06:00,2026-08-13,SA1,2026-08-19,6,1791,1766,25
06:00,2026-08-13,SA1,2026-08-20,7,1836,1779,57
06:00,2026-08-13,VIC1,2026-08-13,0,7776,7736,40
06:00,2026-08-13,VIC1,2026-08-14,1,7571,7542,29
06:00,2026-08-13,VIC1,2026-08-15,2,7046,7002,44
06:00,2026-08-13,VIC1,2026-08-16,3,7108,7036,72
06:00,2026-08-13,VIC1,2026-08-17,4,7470,7434,36
06:00,2026-08-13,VIC1,2026-08-18,5,7225,7260,-35
06:00,2026-08-13,VIC1,2026-08-19,6,7152,7219,-67
06:00,2026-08-13,VIC1,2026-08-20,7,7221,7131,90
06:00,2026-08-14,NSW1,2026-08-14,0,10111,10133,-22
06:00,2026-08-14,NSW1,2026-08-15,1,9773,9716,57
06:00,2026-08-14,NSW1,2026-08-16,2,10277,10262,15
06:00,2026-08-14,NSW1,2026-08-17,3,10977,10873,104
06:00,2026-08-14,NSW1,2026-08-18,4,10751,10667,84
06:00,2026-08-14,NSW1,2026-08-19,5,10348,10383,-35
06:00,2026-08-14,NSW1,2026-08-20,6,10169,10235,-66
06:00,2026-08-14,NSW1,2026-08-21,7,9674,9699,-25
06:00,2026-08-14,QLD1,2026-08-14,0,7447,7490,-43
06:00,2026-08-14,QLD1,2026-08-15,1,7237,7231,6
06:00,2026-08-14,QLD1,2026-08-16,2,7509,7514,-5
06:00,2026-08-14,QLD1,2026-08-17,3,7877,7884,-7
06:00,2026-08-14,QLD1,2026-08-18,4,7869,7903,-34
06:00,2026-08-14,QLD1,2026-08-19,5,7841,7857,-16
06:00,2026-08-14,QLD1,2026-08-20,6,7797,7811,-14
06:00,2026-08-14,QLD1,2026-08-21,7,7560,7563,-3
06:00,2026-08-14,SA1,2026-08-14,0,1937,1957,-20
06:00,2026-08-14,SA1,2026-08-15,1,1791,1795,-4
06:00,2026-08-14,SA1,2026-08-16,2,1882,1890,-8
06:00,2026-08-14,SA1,2026-08-17,3,1930,1912,18
06:00,2026-08-14,SA1,2026-08-18,4,1851,1823,28
06:00,2026-08-14,SA1,2026-08-19,5,1798,1791,7
06:00,2026-08-14,SA1,2026-08-20,6,1885,1836,49
06:00,2026-08-14,SA1,2026-08-21,7,1923,1865,58
06:00,2026-08-14,VIC1,2026-08-14,0,7594,7571,23
06:00,2026-08-14,VIC1,2026-08-15,1,7035,7046,-11
06:00,2026-08-14,VIC1,2026-08-16,2,7123,7108,15
06:00,2026-08-14,VIC1,2026-08-17,3,7472,7470,2
06:00,2026-08-14,VIC1,2026-08-18,4,7264,7225,39
06:00,2026-08-14,VIC1,2026-08-19,5,7301,7152,149
06:00,2026-08-14,VIC1,2026-08-20,6,7267,7221,46
06:00,2026-08-14,VIC1,2026-08-21,7,7249,7138,111
06:00,2026-08-15,NSW1,2026-08-15,0,9811,9773,38
06:00,2026-08-15,NSW1,2026-08-16,1,10326,10277,49
06:00,2026-08-15,NSW1,2026-08-17,2,11027,10977,50
06:00,2026-08-15,NSW1,2026-08-18,3,10816,10751,65
06:00,2026-08-15,NSW1,2026-08-19,4,10385,10348,37
06:00,2026-08-15,NSW1,2026-08-20,5,10125,10169,-44
06:00,2026-08-15,NSW1,2026-08-21,6,9651,9674,-23
06:00,2026-08-15,NSW1,2026-08-22,7,9339,9187,152
06:00,2026-08-15,QLD1,2026-08-15,0,7163,7237,-74
06:00,2026-08-15,QLD1,2026-08-16,1,7463,7509,-46
06:00,2026-08-15,QLD1,2026-08-17,2,7849,7877,-28
06:00,2026-08-15,QLD1,2026-08-18,3,7871,7869,2
06:00,2026-08-15,QLD1,2026-08-19,4,7825,7841,-16
06:00,2026-08-15,QLD1,2026-08-20,5,7790,7797,-7
06:00,2026-08-15,QLD1,2026-08-21,6,7530,7560,-30
06:00,2026-08-15,QLD1,2026-08-22,7,7238,7254,-16
06:00,2026-08-15,SA1,2026-08-15,0,1782,1791,-9
06:00,2026-08-15,SA1,2026-08-16,1,1886,1882,4
06:00,2026-08-15,SA1,2026-08-17,2,1932,1930,2
06:00,2026-08-15,SA1,2026-08-18,3,1839,1851,-12
06:00,2026-08-15,SA1,2026-08-19,4,1795,1798,-3
06:00,2026-08-15,SA1,2026-08-20,5,1908,1885,23
06:00,2026-08-15,SA1,2026-08-21,6,1956,1923,33
06:00,2026-08-15,SA1,2026-08-22,7,1854,1846,8
06:00,2026-08-15,VIC1,2026-08-15,0,7026,7035,-9
06:00,2026-08-15,VIC1,2026-08-16,1,7131,7123,8
06:00,2026-08-15,VIC1,2026-08-17,2,7469,7472,-3
06:00,2026-08-15,VIC1,2026-08-18,3,7252,7264,-12
06:00,2026-08-15,VIC1,2026-08-19,4,7299,7301,-2
06:00,2026-08-15,VIC1,2026-08-20,5,7249,7267,-18
06:00,2026-08-15,VIC1,2026-08-21,6,7302,7249,53
06:00,2026-08-15,VIC1,2026-08-22,7,6924,6836,88
06:00,2026-08-16,NSW1,2026-08-16,0,10410,10326,84
06:00,2026-08-16,NSW1,2026-08-17,1,11067,11027,40
06:00,2026-08-16,NSW1,2026-08-18,2,10743,10816,-73
06:00,2026-08-16,NSW1,2026-08-19,3,10388,10385,3
06:00,2026-08-16,NSW1,2026-08-20,4,10132,10125,7
06:00,2026-08-16,NSW1,2026-08-21,5,9678,9651,27
06:00,2026-08-16,NSW1,2026-08-22,6,9475,9339,136
06:00,2026-08-16,NSW1,2026-08-23,7,9518,9578,-60
06:00,2026-08-16,QLD1,2026-08-16,0,7364,7463,-99
06:00,2026-08-16,QLD1,2026-08-17,1,7785,7849,-64
06:00,2026-08-16,QLD1,2026-08-18,2,7791,7871,-80
06:00,2026-08-16,QLD1,2026-08-19,3,7792,7825,-33
06:00,2026-08-16,QLD1,2026-08-20,4,7761,7790,-29
06:00,2026-08-16,QLD1,2026-08-21,5,7526,7530,-4
06:00,2026-08-16,QLD1,2026-08-22,6,7213,7238,-25
06:00,2026-08-16,QLD1,2026-08-23,7,7423,7415,8
06:00,2026-08-16,SA1,2026-08-16,0,1866,1886,-20
06:00,2026-08-16,SA1,2026-08-17,1,1932,1932,0
06:00,2026-08-16,SA1,2026-08-18,2,1817,1839,-22
06:00,2026-08-16,SA1,2026-08-19,3,1788,1795,-7
06:00,2026-08-16,SA1,2026-08-20,4,1902,1908,-6
06:00,2026-08-16,SA1,2026-08-21,5,1942,1956,-14
06:00,2026-08-16,SA1,2026-08-22,6,1847,1854,-7
06:00,2026-08-16,SA1,2026-08-23,7,1837,1877,-40
06:00,2026-08-16,VIC1,2026-08-16,0,7177,7131,46
06:00,2026-08-16,VIC1,2026-08-17,1,7529,7469,60
06:00,2026-08-16,VIC1,2026-08-18,2,7243,7252,-9
06:00,2026-08-16,VIC1,2026-08-19,3,7296,7299,-3
06:00,2026-08-16,VIC1,2026-08-20,4,7379,7249,130
06:00,2026-08-16,VIC1,2026-08-21,5,7274,7302,-28
06:00,2026-08-16,VIC1,2026-08-22,6,6912,6924,-12
06:00,2026-08-16,VIC1,2026-08-23,7,6994,7059,-65
06:00,2026-08-17,NSW1,2026-08-17,0,10873,11067,-194
06:00,2026-08-17,NSW1,2026-08-18,1,10682,10743,-61
06:00,2026-08-17,NSW1,2026-08-19,2,10240,10388,-148
06:00,2026-08-17,NSW1,2026-08-20,3,10023,10132,-109
06:00,2026-08-17,NSW1,2026-08-21,4,9755,9678,77
06:00,2026-08-17,NSW1,2026-08-22,5,9279,9475,-196
06:00,2026-08-17,NSW1,2026-08-23,6,9346,9518,-172
06:00,2026-08-17,NSW1,2026-08-24,7,9911,10127,-216
06:00,2026-08-17,QLD1,2026-08-17,0,7709,7785,-76
06:00,2026-08-17,QLD1,2026-08-18,1,7753,7791,-38
06:00,2026-08-17,QLD1,2026-08-19,2,7717,7792,-75
06:00,2026-08-17,QLD1,2026-08-20,3,7728,7761,-33
06:00,2026-08-17,QLD1,2026-08-21,4,7508,7526,-18
06:00,2026-08-17,QLD1,2026-08-22,5,7209,7213,-4
06:00,2026-08-17,QLD1,2026-08-23,6,7390,7423,-33
06:00,2026-08-17,QLD1,2026-08-24,7,7732,7744,-12
06:00,2026-08-17,SA1,2026-08-17,0,1967,1932,35
06:00,2026-08-17,SA1,2026-08-18,1,1819,1817,2
06:00,2026-08-17,SA1,2026-08-19,2,1809,1788,21
06:00,2026-08-17,SA1,2026-08-20,3,1891,1902,-11
06:00,2026-08-17,SA1,2026-08-21,4,1897,1942,-45
06:00,2026-08-17,SA1,2026-08-22,5,1777,1847,-70
06:00,2026-08-17,SA1,2026-08-23,6,1774,1837,-63
06:00,2026-08-17,SA1,2026-08-24,7,1957,2015,-58
06:00,2026-08-17,VIC1,2026-08-17,0,7448,7529,-81
06:00,2026-08-17,VIC1,2026-08-18,1,7228,7243,-15
06:00,2026-08-17,VIC1,2026-08-19,2,7297,7296,1
06:00,2026-08-17,VIC1,2026-08-20,3,7234,7379,-145
06:00,2026-08-17,VIC1,2026-08-21,4,7207,7274,-67
06:00,2026-08-17,VIC1,2026-08-22,5,6751,6912,-161
06:00,2026-08-17,VIC1,2026-08-23,6,6846,6994,-148
06:00,2026-08-17,VIC1,2026-08-24,7,7505,7735,-230
06:00,2026-08-18,NSW1,2026-08-18,0,10581,10682,-101
06:00,2026-08-18,NSW1,2026-08-19,1,10122,10240,-118
06:00,2026-08-18,NSW1,2026-08-20,2,9926,10023,-97
06:00,2026-08-18,NSW1,2026-08-21,3,9728,9755,-27
06:00,2026-08-18,NSW1,2026-08-22,4,9111,9279,-168
06:00,2026-08-18,NSW1,2026-08-23,5,9404,9346,58
06:00,2026-08-18,NSW1,2026-08-24,6,9892,9911,-19
06:00,2026-08-18,NSW1,2026-08-25,7,10013,9917,96
06:00,2026-08-18,QLD1,2026-08-18,0,7764,7753,11
06:00,2026-08-18,QLD1,2026-08-19,1,7723,7717,6
06:00,2026-08-18,QLD1,2026-08-20,2,7719,7728,-9
06:00,2026-08-18,QLD1,2026-08-21,3,7500,7508,-8
06:00,2026-08-18,QLD1,2026-08-22,4,7206,7209,-3
06:00,2026-08-18,QLD1,2026-08-23,5,7389,7390,-1
06:00,2026-08-18,QLD1,2026-08-24,6,7716,7732,-16
06:00,2026-08-18,QLD1,2026-08-25,7,7721,7730,-9
06:00,2026-08-18,SA1,2026-08-18,0,1821,1819,2
06:00,2026-08-18,SA1,2026-08-19,1,1835,1809,26
06:00,2026-08-18,SA1,2026-08-20,2,1900,1891,9
06:00,2026-08-18,SA1,2026-08-21,3,1902,1897,5
06:00,2026-08-18,SA1,2026-08-22,4,1770,1777,-7
06:00,2026-08-18,SA1,2026-08-23,5,1781,1774,7
06:00,2026-08-18,SA1,2026-08-24,6,1946,1957,-11
06:00,2026-08-18,SA1,2026-08-25,7,1901,1957,-56
06:00,2026-08-18,VIC1,2026-08-18,0,7297,7228,69
06:00,2026-08-18,VIC1,2026-08-19,1,7402,7297,105
06:00,2026-08-18,VIC1,2026-08-20,2,7300,7234,66
06:00,2026-08-18,VIC1,2026-08-21,3,7254,7207,47
06:00,2026-08-18,VIC1,2026-08-22,4,6768,6751,17
06:00,2026-08-18,VIC1,2026-08-23,5,6973,6846,127
06:00,2026-08-18,VIC1,2026-08-24,6,7547,7505,42
06:00,2026-08-18,VIC1,2026-08-25,7,7396,7424,-28
06:00,2026-08-19,NSW1,2026-08-19,0,10041,10122,-81
06:00,2026-08-19,NSW1,2026-08-20,1,9822,9926,-104
06:00,2026-08-19,NSW1,2026-08-21,2,9561,9728,-167
06:00,2026-08-19,NSW1,2026-08-22,3,9047,9111,-64
06:00,2026-08-19,NSW1,2026-08-23,4,9172,9404,-232
06:00,2026-08-19,NSW1,2026-08-24,5,9618,9892,-274
06:00,2026-08-19,NSW1,2026-08-25,6,9696,10013,-317
06:00,2026-08-19,NSW1,2026-08-26,7,9795,9810,-15
06:00,2026-08-19,QLD1,2026-08-19,0,7760,7723,37
06:00,2026-08-19,QLD1,2026-08-20,1,7743,7719,24
06:00,2026-08-19,QLD1,2026-08-21,2,7522,7500,22
06:00,2026-08-19,QLD1,2026-08-22,3,7158,7206,-48
06:00,2026-08-19,QLD1,2026-08-23,4,7365,7389,-24
06:00,2026-08-19,QLD1,2026-08-24,5,7649,7716,-67
06:00,2026-08-19,QLD1,2026-08-25,6,7698,7721,-23
06:00,2026-08-19,QLD1,2026-08-26,7,7656,7692,-36
06:00,2026-08-19,SA1,2026-08-19,0,1827,1835,-8
06:00,2026-08-19,SA1,2026-08-20,1,1879,1900,-21
06:00,2026-08-19,SA1,2026-08-21,2,1935,1902,33
06:00,2026-08-19,SA1,2026-08-22,3,1766,1770,-4
06:00,2026-08-19,SA1,2026-08-23,4,1750,1781,-31
06:00,2026-08-19,SA1,2026-08-24,5,2004,1946,58
06:00,2026-08-19,SA1,2026-08-25,6,2023,1901,122
06:00,2026-08-19,SA1,2026-08-26,7,1974,1904,70
06:00,2026-08-19,VIC1,2026-08-19,0,7340,7402,-62
06:00,2026-08-19,VIC1,2026-08-20,1,7281,7300,-19
06:00,2026-08-19,VIC1,2026-08-21,2,7307,7254,53
06:00,2026-08-19,VIC1,2026-08-22,3,6831,6768,63
06:00,2026-08-19,VIC1,2026-08-23,4,6817,6973,-156
06:00,2026-08-19,VIC1,2026-08-24,5,7408,7547,-139
06:00,2026-08-19,VIC1,2026-08-25,6,7546,7396,150
06:00,2026-08-19,VIC1,2026-08-26,7,7453,7245,208
06:00,2026-08-20,NSW1,2026-08-20,0,9813,9822,-9
06:00,2026-08-20,NSW1,2026-08-21,1,9422,9561,-139
06:00,2026-08-20,NSW1,2026-08-22,2,9066,9047,19
06:00,2026-08-20,NSW1,2026-08-23,3,9131,9172,-41
06:00,2026-08-20,NSW1,2026-08-24,4,9526,9618,-92
06:00,2026-08-20,NSW1,2026-08-25,5,9631,9696,-65
06:00,2026-08-20,NSW1,2026-08-26,6,9939,9795,144
06:00,2026-08-20,NSW1,2026-08-27,7,10030,9755,275
06:00,2026-08-20,QLD1,2026-08-20,0,7738,7743,-5
06:00,2026-08-20,QLD1,2026-08-21,1,7572,7522,50
06:00,2026-08-20,QLD1,2026-08-22,2,7229,7158,71
06:00,2026-08-20,QLD1,2026-08-23,3,7398,7365,33
06:00,2026-08-20,QLD1,2026-08-24,4,7671,7649,22
06:00,2026-08-20,QLD1,2026-08-25,5,7712,7698,14
06:00,2026-08-20,QLD1,2026-08-26,6,7691,7656,35
06:00,2026-08-20,QLD1,2026-08-27,7,7691,7622,69
06:00,2026-08-20,SA1,2026-08-20,0,1885,1879,6
06:00,2026-08-20,SA1,2026-08-21,1,1969,1935,34
06:00,2026-08-20,SA1,2026-08-22,2,1772,1766,6
06:00,2026-08-20,SA1,2026-08-23,3,1764,1750,14
06:00,2026-08-20,SA1,2026-08-24,4,1953,2004,-51
06:00,2026-08-20,SA1,2026-08-25,5,2027,2023,4
06:00,2026-08-20,SA1,2026-08-26,6,2024,1974,50
06:00,2026-08-20,SA1,2026-08-27,7,1915,1949,-34
06:00,2026-08-20,VIC1,2026-08-20,0,7371,7281,90
06:00,2026-08-20,VIC1,2026-08-21,1,7441,7307,134
06:00,2026-08-20,VIC1,2026-08-22,2,6879,6831,48
06:00,2026-08-20,VIC1,2026-08-23,3,6801,6817,-16
06:00,2026-08-20,VIC1,2026-08-24,4,7321,7408,-87
06:00,2026-08-20,VIC1,2026-08-25,5,7639,7546,93
06:00,2026-08-20,VIC1,2026-08-26,6,7713,7453,260
06:00,2026-08-20,VIC1,2026-08-27,7,7591,7523,68
06:00,2026-08-21,NSW1,2026-08-21,0,9401,9422,-21
06:00,2026-08-21,NSW1,2026-08-22,1,9034,9066,-32
06:00,2026-08-21,NSW1,2026-08-23,2,9179,9131,48
06:00,2026-08-21,NSW1,2026-08-24,3,9531,9526,5
06:00,2026-08-21,NSW1,2026-08-25,4,9665,9631,34
06:00,2026-08-21,NSW1,2026-08-26,5,9659,9939,-280
06:00,2026-08-21,NSW1,2026-08-27,6,9761,10030,-269
06:00,2026-08-21,NSW1,2026-08-28,7,9403,9596,-193
06:00,2026-08-21,QLD1,2026-08-21,0,7516,7572,-56
06:00,2026-08-21,QLD1,2026-08-22,1,7189,7229,-40
06:00,2026-08-21,QLD1,2026-08-23,2,7345,7398,-53
06:00,2026-08-21,QLD1,2026-08-24,3,7631,7671,-40
06:00,2026-08-21,QLD1,2026-08-25,4,7694,7712,-18
06:00,2026-08-21,QLD1,2026-08-26,5,7690,7691,-1
06:00,2026-08-21,QLD1,2026-08-27,6,7640,7691,-51
06:00,2026-08-21,QLD1,2026-08-28,7,7425,7505,-80
06:00,2026-08-21,SA1,2026-08-21,0,1945,1969,-24
06:00,2026-08-21,SA1,2026-08-22,1,1737,1772,-35
06:00,2026-08-21,SA1,2026-08-23,2,1712,1764,-52
06:00,2026-08-21,SA1,2026-08-24,3,1938,1953,-15
06:00,2026-08-21,SA1,2026-08-25,4,2007,2027,-20
06:00,2026-08-21,SA1,2026-08-26,5,1981,2024,-43
06:00,2026-08-21,SA1,2026-08-27,6,1876,1915,-39
06:00,2026-08-21,SA1,2026-08-28,7,1872,1901,-29
06:00,2026-08-21,VIC1,2026-08-21,0,7467,7441,26
06:00,2026-08-21,VIC1,2026-08-22,1,6897,6879,18
06:00,2026-08-21,VIC1,2026-08-23,2,6799,6801,-2
06:00,2026-08-21,VIC1,2026-08-24,3,7261,7321,-60
06:00,2026-08-21,VIC1,2026-08-25,4,7594,7639,-45
06:00,2026-08-21,VIC1,2026-08-26,5,7524,7713,-189
06:00,2026-08-21,VIC1,2026-08-27,6,7330,7591,-261
06:00,2026-08-21,VIC1,2026-08-28,7,7287,7419,-132
06:00,2026-08-22,NSW1,2026-08-22,0,8982,9034,-52
06:00,2026-08-22,NSW1,2026-08-23,1,9158,9179,-21
06:00,2026-08-22,NSW1,2026-08-24,2,9529,9531,-2
06:00,2026-08-22,NSW1,2026-08-25,3,9641,9665,-24
06:00,2026-08-22,NSW1,2026-08-26,4,9611,9659,-48
06:00,2026-08-22,NSW1,2026-08-27,5,9676,9761,-85
06:00,2026-08-22,NSW1,2026-08-28,6,9282,9403,-121
06:00,2026-08-22,NSW1,2026-08-29,7,8810,9108,-298
06:00,2026-08-22,QLD1,2026-08-22,0,7176,7189,-13
06:00,2026-08-22,QLD1,2026-08-23,1,7349,7345,4
06:00,2026-08-22,QLD1,2026-08-24,2,7639,7631,8
06:00,2026-08-22,QLD1,2026-08-25,3,7691,7694,-3
06:00,2026-08-22,QLD1,2026-08-26,4,7706,7690,16
06:00,2026-08-22,QLD1,2026-08-27,5,7668,7640,28
06:00,2026-08-22,QLD1,2026-08-28,6,7458,7425,33
06:00,2026-08-22,QLD1,2026-08-29,7,7150,7141,9
06:00,2026-08-22,SA1,2026-08-22,0,1736,1737,-1
06:00,2026-08-22,SA1,2026-08-23,1,1691,1712,-21
06:00,2026-08-22,SA1,2026-08-24,2,2016,1938,78
06:00,2026-08-22,SA1,2026-08-25,3,1994,2007,-13
06:00,2026-08-22,SA1,2026-08-26,4,1968,1981,-13
06:00,2026-08-22,SA1,2026-08-27,5,1837,1876,-39
06:00,2026-08-22,SA1,2026-08-28,6,1873,1872,1
06:00,2026-08-22,SA1,2026-08-29,7,1730,1783,-53
06:00,2026-08-22,VIC1,2026-08-22,0,6921,6897,24
06:00,2026-08-22,VIC1,2026-08-23,1,6817,6799,18
06:00,2026-08-22,VIC1,2026-08-24,2,7339,7261,78
06:00,2026-08-22,VIC1,2026-08-25,3,7556,7594,-38
06:00,2026-08-22,VIC1,2026-08-26,4,7447,7524,-77
06:00,2026-08-22,VIC1,2026-08-27,5,7240,7330,-90
06:00,2026-08-22,VIC1,2026-08-28,6,7182,7287,-105
06:00,2026-08-22,VIC1,2026-08-29,7,6592,6852,-260
06:00,2026-08-23,NSW1,2026-08-23,0,9175,9158,17
06:00,2026-08-23,NSW1,2026-08-24,1,9533,9529,4
06:00,2026-08-23,NSW1,2026-08-25,2,9656,9641,15
06:00,2026-08-23,NSW1,2026-08-26,3,9662,9611,51
06:00,2026-08-23,NSW1,2026-08-27,4,9688,9676,12
06:00,2026-08-23,NSW1,2026-08-28,5,9349,9282,67
06:00,2026-08-23,NSW1,2026-08-29,6,8792,8810,-18
06:00,2026-08-23,NSW1,2026-08-30,7,8964,9077,-113
06:00,2026-08-23,QLD1,2026-08-23,0,7309,7349,-40
06:00,2026-08-23,QLD1,2026-08-24,1,7669,7639,30
06:00,2026-08-23,QLD1,2026-08-25,2,7705,7691,14
06:00,2026-08-23,QLD1,2026-08-26,3,7688,7706,-18
06:00,2026-08-23,QLD1,2026-08-27,4,7661,7668,-7
06:00,2026-08-23,QLD1,2026-08-28,5,7477,7458,19
06:00,2026-08-23,QLD1,2026-08-29,6,7148,7150,-2
06:00,2026-08-23,QLD1,2026-08-30,7,7357,7367,-10
06:00,2026-08-23,SA1,2026-08-23,0,1684,1691,-7
06:00,2026-08-23,SA1,2026-08-24,1,2080,2016,64
06:00,2026-08-23,SA1,2026-08-25,2,1972,1994,-22
06:00,2026-08-23,SA1,2026-08-26,3,1977,1968,9
06:00,2026-08-23,SA1,2026-08-27,4,1875,1837,38
06:00,2026-08-23,SA1,2026-08-28,5,1797,1873,-76
06:00,2026-08-23,SA1,2026-08-29,6,1684,1730,-46
06:00,2026-08-23,SA1,2026-08-30,7,1734,1739,-5
06:00,2026-08-23,VIC1,2026-08-23,0,6835,6817,18
06:00,2026-08-23,VIC1,2026-08-24,1,7351,7339,12
06:00,2026-08-23,VIC1,2026-08-25,2,7446,7556,-110
06:00,2026-08-23,VIC1,2026-08-26,3,7530,7447,83
06:00,2026-08-23,VIC1,2026-08-27,4,7403,7240,163
06:00,2026-08-23,VIC1,2026-08-28,5,7124,7182,-58
06:00,2026-08-23,VIC1,2026-08-29,6,6734,6592,142
06:00,2026-08-23,VIC1,2026-08-30,7,6660,6577,83
06:00,2026-08-24,NSW1,2026-08-24,0,9519,9533,-14
06:00,2026-08-24,NSW1,2026-08-25,1,9705,9656,49
06:00,2026-08-24,NSW1,2026-08-26,2,9675,9662,13
06:00,2026-08-24,NSW1,2026-08-27,3,9706,9688,18
06:00,2026-08-24,NSW1,2026-08-28,4,9400,9349,51
06:00,2026-08-24,NSW1,2026-08-29,5,8707,8792,-85
06:00,2026-08-24,NSW1,2026-08-30,6,8979,8964,15
06:00,2026-08-24,NSW1,2026-08-31,7,9456,9480,-24
06:00,2026-08-24,QLD1,2026-08-24,0,7612,7669,-57
06:00,2026-08-24,QLD1,2026-08-25,1,7663,7705,-42
06:00,2026-08-24,QLD1,2026-08-26,2,7657,7688,-31
06:00,2026-08-24,QLD1,2026-08-27,3,7638,7661,-23
06:00,2026-08-24,QLD1,2026-08-28,4,7449,7477,-28
06:00,2026-08-24,QLD1,2026-08-29,5,7109,7148,-39
06:00,2026-08-24,QLD1,2026-08-30,6,7327,7357,-30
06:00,2026-08-24,QLD1,2026-08-31,7,7633,7638,-5
06:00,2026-08-24,SA1,2026-08-24,0,2043,2080,-37
06:00,2026-08-24,SA1,2026-08-25,1,1953,1972,-19
06:00,2026-08-24,SA1,2026-08-26,2,1958,1977,-19
06:00,2026-08-24,SA1,2026-08-27,3,1866,1875,-9
06:00,2026-08-24,SA1,2026-08-28,4,1796,1797,-1
06:00,2026-08-24,SA1,2026-08-29,5,1646,1684,-38
06:00,2026-08-24,SA1,2026-08-30,6,1678,1734,-56
06:00,2026-08-24,SA1,2026-08-31,7,1772,1827,-55
06:00,2026-08-24,VIC1,2026-08-24,0,7287,7351,-64
06:00,2026-08-24,VIC1,2026-08-25,1,7438,7446,-8
06:00,2026-08-24,VIC1,2026-08-26,2,7540,7530,10
06:00,2026-08-24,VIC1,2026-08-27,3,7394,7403,-9
06:00,2026-08-24,VIC1,2026-08-28,4,7053,7124,-71
06:00,2026-08-24,VIC1,2026-08-29,5,6457,6734,-277
06:00,2026-08-24,VIC1,2026-08-30,6,6490,6660,-170
06:00,2026-08-24,VIC1,2026-08-31,7,6879,7004,-125
06:00,2026-08-25,NSW1,2026-08-25,0,9680,9705,-25
06:00,2026-08-25,NSW1,2026-08-26,1,9688,9675,13
06:00,2026-08-25,NSW1,2026-08-27,2,9753,9706,47
06:00,2026-08-25,NSW1,2026-08-28,3,9359,9400,-41
06:00,2026-08-25,NSW1,2026-08-29,4,8735,8707,28
06:00,2026-08-25,NSW1,2026-08-30,5,8957,8979,-22
06:00,2026-08-25,NSW1,2026-08-31,6,9539,9456,83
06:00,2026-08-25,NSW1,2026-09-01,7,9300,9285,15
06:00,2026-08-25,QLD1,2026-08-25,0,7650,7663,-13
06:00,2026-08-25,QLD1,2026-08-26,1,7640,7657,-17
06:00,2026-08-25,QLD1,2026-08-27,2,7641,7638,3
06:00,2026-08-25,QLD1,2026-08-28,3,7431,7449,-18
06:00,2026-08-25,QLD1,2026-08-29,4,7110,7109,1
06:00,2026-08-25,QLD1,2026-08-30,5,7324,7327,-3
06:00,2026-08-25,QLD1,2026-08-31,6,7646,7633,13
06:00,2026-08-25,QLD1,2026-09-01,7,7710,7699,11
06:00,2026-08-25,SA1,2026-08-25,0,1929,1953,-24
06:00,2026-08-25,SA1,2026-08-26,1,1959,1958,1
06:00,2026-08-25,SA1,2026-08-27,2,1848,1866,-18
06:00,2026-08-25,SA1,2026-08-28,3,1757,1796,-39
06:00,2026-08-25,SA1,2026-08-29,4,1602,1646,-44
06:00,2026-08-25,SA1,2026-08-30,5,1633,1678,-45
06:00,2026-08-25,SA1,2026-08-31,6,1760,1772,-12
06:00,2026-08-25,SA1,2026-09-01,7,1725,1715,10
06:00,2026-08-25,VIC1,2026-08-25,0,7500,7438,62
06:00,2026-08-25,VIC1,2026-08-26,1,7541,7540,1
06:00,2026-08-25,VIC1,2026-08-27,2,7442,7394,48
06:00,2026-08-25,VIC1,2026-08-28,3,7110,7053,57
06:00,2026-08-25,VIC1,2026-08-29,4,6546,6457,89
06:00,2026-08-25,VIC1,2026-08-30,5,6580,6490,90
06:00,2026-08-25,VIC1,2026-08-31,6,6861,6879,-18
06:00,2026-08-25,VIC1,2026-09-01,7,6791,6737,54
06:00,2026-08-26,NSW1,2026-08-26,0,9727,9688,39
06:00,2026-08-26,NSW1,2026-08-27,1,9782,9753,29
06:00,2026-08-26,NSW1,2026-08-28,2,9482,9359,123
06:00,2026-08-26,NSW1,2026-08-29,3,8917,8735,182
06:00,2026-08-26,NSW1,2026-08-30,4,9055,8957,98
06:00,2026-08-26,NSW1,2026-08-31,5,9588,9539,49
06:00,2026-08-26,NSW1,2026-09-01,6,9307,9300,7
06:00,2026-08-26,NSW1,2026-09-02,7,9158,9223,-65
06:00,2026-08-26,QLD1,2026-08-26,0,7643,7640,3
06:00,2026-08-26,QLD1,2026-08-27,1,7608,7641,-33
06:00,2026-08-26,QLD1,2026-08-28,2,7394,7431,-37
06:00,2026-08-26,QLD1,2026-08-29,3,7128,7110,18
06:00,2026-08-26,QLD1,2026-08-30,4,7299,7324,-25
06:00,2026-08-26,QLD1,2026-08-31,5,7627,7646,-19
06:00,2026-08-26,QLD1,2026-09-01,6,7676,7710,-34
06:00,2026-08-26,QLD1,2026-09-02,7,7639,7652,-13
06:00,2026-08-26,SA1,2026-08-26,0,1956,1959,-3
06:00,2026-08-26,SA1,2026-08-27,1,1863,1848,15
06:00,2026-08-26,SA1,2026-08-28,2,1749,1757,-8
06:00,2026-08-26,SA1,2026-08-29,3,1607,1602,5
06:00,2026-08-26,SA1,2026-08-30,4,1679,1633,46
06:00,2026-08-26,SA1,2026-08-31,5,1768,1760,8
06:00,2026-08-26,SA1,2026-09-01,6,1722,1725,-3
06:00,2026-08-26,SA1,2026-09-02,7,1770,1726,44
06:00,2026-08-26,VIC1,2026-08-26,0,7536,7541,-5
06:00,2026-08-26,VIC1,2026-08-27,1,7509,7442,67
06:00,2026-08-26,VIC1,2026-08-28,2,7276,7110,166
06:00,2026-08-26,VIC1,2026-08-29,3,6879,6546,333
06:00,2026-08-26,VIC1,2026-08-30,4,6831,6580,251
06:00,2026-08-26,VIC1,2026-08-31,5,6980,6861,119
06:00,2026-08-26,VIC1,2026-09-01,6,6772,6791,-19
06:00,2026-08-26,VIC1,2026-09-02,7,6960,6967,-7
06:00,2026-08-27,NSW1,2026-08-27,0,9862,9782,80
06:00,2026-08-27,NSW1,2026-08-28,1,9541,9482,59
06:00,2026-08-27,NSW1,2026-08-29,2,8892,8917,-25
06:00,2026-08-27,NSW1,2026-08-30,3,8985,9055,-70
06:00,2026-08-27,NSW1,2026-08-31,4,9545,9588,-43
06:00,2026-08-27,NSW1,2026-09-01,5,9307,9307,0
06:00,2026-08-27,NSW1,2026-09-02,6,9141,9158,-17
06:00,2026-08-27,NSW1,2026-09-03,7,9148,9226,-78
06:00,2026-08-27,QLD1,2026-08-27,0,7608,7608,0
06:00,2026-08-27,QLD1,2026-08-28,1,7445,7394,51
06:00,2026-08-27,QLD1,2026-08-29,2,7161,7128,33
06:00,2026-08-27,QLD1,2026-08-30,3,7326,7299,27
06:00,2026-08-27,QLD1,2026-08-31,4,7638,7627,11
06:00,2026-08-27,QLD1,2026-09-01,5,7694,7676,18
06:00,2026-08-27,QLD1,2026-09-02,6,7657,7639,18
06:00,2026-08-27,QLD1,2026-09-03,7,7709,7649,60
06:00,2026-08-27,SA1,2026-08-27,0,1874,1863,11
06:00,2026-08-27,SA1,2026-08-28,1,1725,1749,-24
06:00,2026-08-27,SA1,2026-08-29,2,1579,1607,-28
06:00,2026-08-27,SA1,2026-08-30,3,1650,1679,-29
06:00,2026-08-27,SA1,2026-08-31,4,1765,1768,-3
06:00,2026-08-27,SA1,2026-09-01,5,1740,1722,18
06:00,2026-08-27,SA1,2026-09-02,6,1824,1770,54
06:00,2026-08-27,SA1,2026-09-03,7,1830,1803,27
06:00,2026-08-27,VIC1,2026-08-27,0,7514,7509,5
06:00,2026-08-27,VIC1,2026-08-28,1,7227,7276,-49
06:00,2026-08-27,VIC1,2026-08-29,2,6850,6879,-29
06:00,2026-08-27,VIC1,2026-08-30,3,6771,6831,-60
06:00,2026-08-27,VIC1,2026-08-31,4,7013,6980,33
06:00,2026-08-27,VIC1,2026-09-01,5,6802,6772,30
06:00,2026-08-27,VIC1,2026-09-02,6,7054,6960,94
06:00,2026-08-27,VIC1,2026-09-03,7,7194,7167,27
06:00,2026-08-28,NSW1,2026-08-28,0,9481,9541,-60
06:00,2026-08-28,NSW1,2026-08-29,1,8880,8892,-12
06:00,2026-08-28,NSW1,2026-08-30,2,8975,8985,-10
06:00,2026-08-28,NSW1,2026-08-31,3,9491,9545,-54
06:00,2026-08-28,NSW1,2026-09-01,4,9281,9307,-26
06:00,2026-08-28,NSW1,2026-09-02,5,9137,9141,-4
06:00,2026-08-28,NSW1,2026-09-03,6,9172,9148,24
06:00,2026-08-28,NSW1,2026-09-04,7,8801,8832,-31
06:00,2026-08-28,QLD1,2026-08-28,0,7429,7445,-16
06:00,2026-08-28,QLD1,2026-08-29,1,7162,7161,1
06:00,2026-08-28,QLD1,2026-08-30,2,7298,7326,-28
06:00,2026-08-28,QLD1,2026-08-31,3,7610,7638,-28
06:00,2026-08-28,QLD1,2026-09-01,4,7680,7694,-14
06:00,2026-08-28,QLD1,2026-09-02,5,7661,7657,4
06:00,2026-08-28,QLD1,2026-09-03,6,7784,7709,75
06:00,2026-08-28,QLD1,2026-09-04,7,7573,7503,70
06:00,2026-08-28,SA1,2026-08-28,0,1718,1725,-7
06:00,2026-08-28,SA1,2026-08-29,1,1560,1579,-19
06:00,2026-08-28,SA1,2026-08-30,2,1627,1650,-23
06:00,2026-08-28,SA1,2026-08-31,3,1770,1765,5
06:00,2026-08-28,SA1,2026-09-01,4,1741,1740,1
06:00,2026-08-28,SA1,2026-09-02,5,1888,1824,64
06:00,2026-08-28,SA1,2026-09-03,6,1838,1830,8
06:00,2026-08-28,SA1,2026-09-04,7,1740,1733,7
06:00,2026-08-28,VIC1,2026-08-28,0,7201,7227,-26
06:00,2026-08-28,VIC1,2026-08-29,1,6784,6850,-66
06:00,2026-08-28,VIC1,2026-08-30,2,6760,6771,-11
06:00,2026-08-28,VIC1,2026-08-31,3,7118,7013,105
06:00,2026-08-28,VIC1,2026-09-01,4,6898,6802,96
06:00,2026-08-28,VIC1,2026-09-02,5,7181,7054,127
06:00,2026-08-28,VIC1,2026-09-03,6,7219,7194,25
06:00,2026-08-28,VIC1,2026-09-04,7,7007,7042,-35
06:00,2026-08-29,NSW1,2026-08-29,0,8866,8880,-14
06:00,2026-08-29,NSW1,2026-08-30,1,9010,8975,35
06:00,2026-08-29,NSW1,2026-08-31,2,9457,9491,-34
06:00,2026-08-29,NSW1,2026-09-01,3,9266,9281,-15
06:00,2026-08-29,NSW1,2026-09-02,4,9120,9137,-17
06:00,2026-08-29,NSW1,2026-09-03,5,9138,9172,-34
06:00,2026-08-29,NSW1,2026-09-04,6,8810,8801,9
06:00,2026-08-29,NSW1,2026-09-05,7,8166,8206,-40
06:00,2026-08-29,QLD1,2026-08-29,0,7079,7162,-83
06:00,2026-08-29,QLD1,2026-08-30,1,7281,7298,-17
06:00,2026-08-29,QLD1,2026-08-31,2,7586,7610,-24
06:00,2026-08-29,QLD1,2026-09-01,3,7671,7680,-9
06:00,2026-08-29,QLD1,2026-09-02,4,7645,7661,-16
06:00,2026-08-29,QLD1,2026-09-03,5,7821,7784,37
06:00,2026-08-29,QLD1,2026-09-04,6,7563,7573,-10
06:00,2026-08-29,QLD1,2026-09-05,7,7389,7316,73
06:00,2026-08-29,SA1,2026-08-29,0,1578,1560,18
06:00,2026-08-29,SA1,2026-08-30,1,1685,1627,58
06:00,2026-08-29,SA1,2026-08-31,2,1783,1770,13
06:00,2026-08-29,SA1,2026-09-01,3,1745,1741,4
06:00,2026-08-29,SA1,2026-09-02,4,1910,1888,22
06:00,2026-08-29,SA1,2026-09-03,5,1826,1838,-12
06:00,2026-08-29,SA1,2026-09-04,6,1734,1740,-6
06:00,2026-08-29,SA1,2026-09-05,7,1610,1614,-4
06:00,2026-08-29,VIC1,2026-08-29,0,6818,6784,34
06:00,2026-08-29,VIC1,2026-08-30,1,6685,6760,-75
06:00,2026-08-29,VIC1,2026-08-31,2,7155,7118,37
06:00,2026-08-29,VIC1,2026-09-01,3,6789,6898,-109
06:00,2026-08-29,VIC1,2026-09-02,4,7128,7181,-53
06:00,2026-08-29,VIC1,2026-09-03,5,7164,7219,-55
06:00,2026-08-29,VIC1,2026-09-04,6,6980,7007,-27
06:00,2026-08-29,VIC1,2026-09-05,7,6623,6572,51
06:00,2026-08-30,NSW1,2026-08-30,0,9013,9010,3
06:00,2026-08-30,NSW1,2026-08-31,1,9408,9457,-49
06:00,2026-08-30,NSW1,2026-09-01,2,9234,9266,-32
06:00,2026-08-30,NSW1,2026-09-02,3,9142,9120,22
06:00,2026-08-30,NSW1,2026-09-03,4,9120,9138,-18
06:00,2026-08-30,NSW1,2026-09-04,5,8784,8810,-26
06:00,2026-08-30,NSW1,2026-09-05,6,8113,8166,-53
06:00,2026-08-30,NSW1,2026-09-06,7,8481,8568,-87
06:00,2026-08-30,QLD1,2026-08-30,0,7217,7281,-64
06:00,2026-08-30,QLD1,2026-08-31,1,7543,7586,-43
06:00,2026-08-30,QLD1,2026-09-01,2,7622,7671,-49
06:00,2026-08-30,QLD1,2026-09-02,3,7618,7645,-27
06:00,2026-08-30,QLD1,2026-09-03,4,7793,7821,-28
06:00,2026-08-30,QLD1,2026-09-04,5,7608,7563,45
06:00,2026-08-30,QLD1,2026-09-05,6,7484,7389,95
06:00,2026-08-30,QLD1,2026-09-06,7,7569,7475,94
06:00,2026-08-30,SA1,2026-08-30,0,1681,1685,-4
06:00,2026-08-30,SA1,2026-08-31,1,1772,1783,-11
06:00,2026-08-30,SA1,2026-09-01,2,1744,1745,-1
06:00,2026-08-30,SA1,2026-09-02,3,1899,1910,-11
06:00,2026-08-30,SA1,2026-09-03,4,1812,1826,-14
06:00,2026-08-30,SA1,2026-09-04,5,1664,1734,-70
06:00,2026-08-30,SA1,2026-09-05,6,1624,1610,14
06:00,2026-08-30,SA1,2026-09-06,7,1658,1705,-47
06:00,2026-08-30,VIC1,2026-08-30,0,6678,6685,-7
06:00,2026-08-30,VIC1,2026-08-31,1,7200,7155,45
06:00,2026-08-30,VIC1,2026-09-01,2,6816,6789,27
06:00,2026-08-30,VIC1,2026-09-02,3,7171,7128,43
06:00,2026-08-30,VIC1,2026-09-03,4,7080,7164,-84
06:00,2026-08-30,VIC1,2026-09-04,5,6868,6980,-112
06:00,2026-08-30,VIC1,2026-09-05,6,6580,6623,-43
06:00,2026-08-30,VIC1,2026-09-06,7,6553,6936,-383
06:00,2026-08-31,NSW1,2026-08-31,0,9458,9408,50
06:00,2026-08-31,NSW1,2026-09-01,1,9264,9234,30
06:00,2026-08-31,NSW1,2026-09-02,2,9129,9142,-13
06:00,2026-08-31,NSW1,2026-09-03,3,9112,9120,-8
06:00,2026-08-31,NSW1,2026-09-04,4,8800,8784,16
06:00,2026-08-31,NSW1,2026-09-05,5,8158,8113,45
06:00,2026-08-31,NSW1,2026-09-06,6,8596,8481,115
06:00,2026-08-31,NSW1,2026-09-07,7,9099,9082,17
06:00,2026-08-31,QLD1,2026-08-31,0,7499,7543,-44
06:00,2026-08-31,QLD1,2026-09-01,1,7594,7622,-28
06:00,2026-08-31,QLD1,2026-09-02,2,7585,7618,-33
06:00,2026-08-31,QLD1,2026-09-03,3,7825,7793,32
06:00,2026-08-31,QLD1,2026-09-04,4,7633,7608,25
06:00,2026-08-31,QLD1,2026-09-05,5,7593,7484,109
06:00,2026-08-31,QLD1,2026-09-06,6,7599,7569,30
06:00,2026-08-31,QLD1,2026-09-07,7,7803,7789,14
06:00,2026-08-31,SA1,2026-08-31,0,1767,1772,-5
06:00,2026-08-31,SA1,2026-09-01,1,1759,1744,15
06:00,2026-08-31,SA1,2026-09-02,2,1900,1899,1
06:00,2026-08-31,SA1,2026-09-03,3,1817,1812,5
06:00,2026-08-31,SA1,2026-09-04,4,1680,1664,16
06:00,2026-08-31,SA1,2026-09-05,5,1671,1624,47
06:00,2026-08-31,SA1,2026-09-06,6,1679,1658,21
06:00,2026-08-31,SA1,2026-09-07,7,1856,1877,-21
06:00,2026-08-31,VIC1,2026-08-31,0,7119,7200,-81
06:00,2026-08-31,VIC1,2026-09-01,1,6730,6816,-86
06:00,2026-08-31,VIC1,2026-09-02,2,7126,7171,-45
06:00,2026-08-31,VIC1,2026-09-03,3,7134,7080,54
06:00,2026-08-31,VIC1,2026-09-04,4,6947,6868,79
06:00,2026-08-31,VIC1,2026-09-05,5,6593,6580,13
06:00,2026-08-31,VIC1,2026-09-06,6,6654,6553,101
06:00,2026-08-31,VIC1,2026-09-07,7,7468,7444,24
06:00,2026-09-01,NSW1,2026-09-01,0,9292,9264,28
06:00,2026-09-01,NSW1,2026-09-02,1,9136,9129,7
06:00,2026-09-01,NSW1,2026-09-03,2,9106,9112,-6
06:00,2026-09-01,NSW1,2026-09-04,3,8799,8800,-1
06:00,2026-09-01,NSW1,2026-09-05,4,8147,8158,-11
06:00,2026-09-01,NSW1,2026-09-06,5,8630,8596,34
06:00,2026-09-01,NSW1,2026-09-07,6,9112,9099,13
06:00,2026-09-01,NSW1,2026-09-08,7,9162,9274,-112
06:00,2026-09-01,QLD1,2026-09-01,0,7612,7594,18
06:00,2026-09-01,QLD1,2026-09-02,1,7560,7585,-25
06:00,2026-09-01,QLD1,2026-09-03,2,7770,7825,-55
06:00,2026-09-01,QLD1,2026-09-04,3,7570,7633,-63
06:00,2026-09-01,QLD1,2026-09-05,4,7484,7593,-109
06:00,2026-09-01,QLD1,2026-09-06,5,7535,7599,-64
06:00,2026-09-01,QLD1,2026-09-07,6,7724,7803,-79
06:00,2026-09-01,QLD1,2026-09-08,7,7682,7743,-61
06:00,2026-09-01,SA1,2026-09-01,0,1784,1759,25
06:00,2026-09-01,SA1,2026-09-02,1,1907,1900,7
06:00,2026-09-01,SA1,2026-09-03,2,1806,1817,-11
06:00,2026-09-01,SA1,2026-09-04,3,1732,1680,52
06:00,2026-09-01,SA1,2026-09-05,4,1684,1671,13
06:00,2026-09-01,SA1,2026-09-06,5,1624,1679,-55
06:00,2026-09-01,SA1,2026-09-07,6,1865,1856,9
06:00,2026-09-01,SA1,2026-09-08,7,1862,1866,-4
06:00,2026-09-01,VIC1,2026-09-01,0,6717,6730,-13
06:00,2026-09-01,VIC1,2026-09-02,1,7101,7126,-25
06:00,2026-09-01,VIC1,2026-09-03,2,7162,7134,28
06:00,2026-09-01,VIC1,2026-09-04,3,6926,6947,-21
06:00,2026-09-01,VIC1,2026-09-05,4,6631,6593,38
06:00,2026-09-01,VIC1,2026-09-06,5,6626,6654,-28
06:00,2026-09-01,VIC1,2026-09-07,6,7319,7468,-149
06:00,2026-09-01,VIC1,2026-09-08,7,7436,7402,34
06:00,2026-09-02,NSW1,2026-09-02,0,9140,9136,4
06:00,2026-09-02,NSW1,2026-09-03,1,9099,9106,-7
06:00,2026-09-02,NSW1,2026-09-04,2,8768,8799,-31
06:00,2026-09-02,NSW1,2026-09-05,3,8311,8147,164
06:00,2026-09-02,NSW1,2026-09-06,4,8606,8630,-24
06:00,2026-09-02,NSW1,2026-09-07,5,9067,9112,-45
06:00,2026-09-02,NSW1,2026-09-08,6,9105,9162,-57
06:00,2026-09-02,NSW1,2026-09-09,7,9283,9247,36
06:00,2026-09-02,QLD1,2026-09-02,0,7553,7560,-7
06:00,2026-09-02,QLD1,2026-09-03,1,7754,7770,-16
06:00,2026-09-02,QLD1,2026-09-04,2,7603,7570,33
06:00,2026-09-02,QLD1,2026-09-05,3,7464,7484,-20
06:00,2026-09-02,QLD1,2026-09-06,4,7584,7535,49
06:00,2026-09-02,QLD1,2026-09-07,5,7705,7724,-19
06:00,2026-09-02,QLD1,2026-09-08,6,7678,7682,-4
06:00,2026-09-02,QLD1,2026-09-09,7,7627,7619,8
06:00,2026-09-02,SA1,2026-09-02,0,1898,1907,-9
06:00,2026-09-02,SA1,2026-09-03,1,1822,1806,16
06:00,2026-09-02,SA1,2026-09-04,2,1729,1732,-3
06:00,2026-09-02,SA1,2026-09-05,3,1682,1684,-2
06:00,2026-09-02,SA1,2026-09-06,4,1621,1624,-3
06:00,2026-09-02,SA1,2026-09-07,5,1780,1865,-85
06:00,2026-09-02,SA1,2026-09-08,6,1864,1862,2
06:00,2026-09-02,SA1,2026-09-09,7,1884,1845,39
06:00,2026-09-02,VIC1,2026-09-02,0,7058,7101,-43
06:00,2026-09-02,VIC1,2026-09-03,1,7212,7162,50
06:00,2026-09-02,VIC1,2026-09-04,2,6892,6926,-34
06:00,2026-09-02,VIC1,2026-09-05,3,6475,6631,-156
06:00,2026-09-02,VIC1,2026-09-06,4,6531,6626,-95
06:00,2026-09-02,VIC1,2026-09-07,5,7225,7319,-94
06:00,2026-09-02,VIC1,2026-09-08,6,7226,7436,-210
06:00,2026-09-02,VIC1,2026-09-09,7,7341,7382,-41
06:00,2026-09-03,NSW1,2026-09-03,0,9077,9099,-22
06:00,2026-09-03,NSW1,2026-09-04,1,8719,8768,-49
06:00,2026-09-03,NSW1,2026-09-05,2,8294,8311,-17
06:00,2026-09-03,NSW1,2026-09-06,3,8535,8606,-71
06:00,2026-09-03,NSW1,2026-09-07,4,9200,9067,133
06:00,2026-09-03,NSW1,2026-09-08,5,9281,9105,176
06:00,2026-09-03,NSW1,2026-09-09,6,9361,9283,78
06:00,2026-09-03,NSW1,2026-09-10,7,9403,9481,-78
06:00,2026-09-03,QLD1,2026-09-03,0,7722,7754,-32
06:00,2026-09-03,QLD1,2026-09-04,1,7515,7603,-88
06:00,2026-09-03,QLD1,2026-09-05,2,7416,7464,-48
06:00,2026-09-03,QLD1,2026-09-06,3,7695,7584,111
06:00,2026-09-03,QLD1,2026-09-07,4,7670,7705,-35
06:00,2026-09-03,QLD1,2026-09-08,5,7649,7678,-29
06:00,2026-09-03,QLD1,2026-09-09,6,7614,7627,-13
06:00,2026-09-03,QLD1,2026-09-10,7,7596,7596,0
06:00,2026-09-03,SA1,2026-09-03,0,1785,1822,-37
06:00,2026-09-03,SA1,2026-09-04,1,1689,1729,-40
06:00,2026-09-03,SA1,2026-09-05,2,1664,1682,-18
06:00,2026-09-03,SA1,2026-09-06,3,1667,1621,46
06:00,2026-09-03,SA1,2026-09-07,4,1771,1780,-9
06:00,2026-09-03,SA1,2026-09-08,5,1795,1864,-69
06:00,2026-09-03,SA1,2026-09-09,6,1782,1884,-102
06:00,2026-09-03,SA1,2026-09-10,7,1718,1795,-77
06:00,2026-09-03,VIC1,2026-09-03,0,7229,7212,17
06:00,2026-09-03,VIC1,2026-09-04,1,6887,6892,-5
06:00,2026-09-03,VIC1,2026-09-05,2,6584,6475,109
06:00,2026-09-03,VIC1,2026-09-06,3,6635,6531,104
06:00,2026-09-03,VIC1,2026-09-07,4,7374,7225,149
06:00,2026-09-03,VIC1,2026-09-08,5,7205,7226,-21
06:00,2026-09-03,VIC1,2026-09-09,6,7332,7341,-9
06:00,2026-09-03,VIC1,2026-09-10,7,6979,7056,-77
06:00,2026-09-04,NSW1,2026-09-04,0,8685,8719,-34
06:00,2026-09-04,NSW1,2026-09-05,1,8251,8294,-43
06:00,2026-09-04,NSW1,2026-09-06,2,8458,8535,-77
06:00,2026-09-04,NSW1,2026-09-07,3,9138,9200,-62
06:00,2026-09-04,NSW1,2026-09-08,4,9342,9281,61
06:00,2026-09-04,NSW1,2026-09-09,5,9492,9361,131
06:00,2026-09-04,NSW1,2026-09-10,6,9486,9403,83
06:00,2026-09-04,NSW1,2026-09-11,7,9015,8975,40
06:00,2026-09-04,QLD1,2026-09-04,0,7447,7515,-68
06:00,2026-09-04,QLD1,2026-09-05,1,7254,7416,-162
06:00,2026-09-04,QLD1,2026-09-06,2,7737,7695,42
06:00,2026-09-04,QLD1,2026-09-07,3,7636,7670,-34
06:00,2026-09-04,QLD1,2026-09-08,4,7632,7649,-17
06:00,2026-09-04,QLD1,2026-09-09,5,7630,7614,16
06:00,2026-09-04,QLD1,2026-09-10,6,7619,7596,23
06:00,2026-09-04,QLD1,2026-09-11,7,7363,7373,-10
06:00,2026-09-04,SA1,2026-09-04,0,1636,1689,-53
06:00,2026-09-04,SA1,2026-09-05,1,1648,1664,-16
06:00,2026-09-04,SA1,2026-09-06,2,1675,1667,8
06:00,2026-09-04,SA1,2026-09-07,3,1795,1771,24
06:00,2026-09-04,SA1,2026-09-08,4,1824,1795,29
06:00,2026-09-04,SA1,2026-09-09,5,1814,1782,32
06:00,2026-09-04,SA1,2026-09-10,6,1760,1718,42
06:00,2026-09-04,SA1,2026-09-11,7,1645,1622,23
06:00,2026-09-04,VIC1,2026-09-04,0,6894,6887,7
06:00,2026-09-04,VIC1,2026-09-05,1,6525,6584,-59
06:00,2026-09-04,VIC1,2026-09-06,2,6470,6635,-165
06:00,2026-09-04,VIC1,2026-09-07,3,7372,7374,-2
06:00,2026-09-04,VIC1,2026-09-08,4,7358,7205,153
06:00,2026-09-04,VIC1,2026-09-09,5,7399,7332,67
06:00,2026-09-04,VIC1,2026-09-10,6,7119,6979,140
06:00,2026-09-04,VIC1,2026-09-11,7,6688,6559,129
06:00,2026-09-05,NSW1,2026-09-05,0,8300,8251,49
06:00,2026-09-05,NSW1,2026-09-06,1,8469,8458,11
06:00,2026-09-05,NSW1,2026-09-07,2,9129,9138,-9
06:00,2026-09-05,NSW1,2026-09-08,3,9241,9342,-101
06:00,2026-09-05,NSW1,2026-09-09,4,9575,9492,83
06:00,2026-09-05,NSW1,2026-09-10,5,9725,9486,239
06:00,2026-09-05,NSW1,2026-09-11,6,9092,9015,77
06:00,2026-09-05,NSW1,2026-09-12,7,8319,8274,45
06:00,2026-09-05,QLD1,2026-09-05,0,7177,7254,-77
06:00,2026-09-05,QLD1,2026-09-06,1,7693,7737,-44
06:00,2026-09-05,QLD1,2026-09-07,2,7524,7636,-112
06:00,2026-09-05,QLD1,2026-09-08,3,7592,7632,-40
06:00,2026-09-05,QLD1,2026-09-09,4,7590,7630,-40
06:00,2026-09-05,QLD1,2026-09-10,5,7610,7619,-9
06:00,2026-09-05,QLD1,2026-09-11,6,7360,7363,-3
06:00,2026-09-05,QLD1,2026-09-12,7,7038,7043,-5
06:00,2026-09-05,SA1,2026-09-05,0,1681,1648,33
06:00,2026-09-05,SA1,2026-09-06,1,1675,1675,0
06:00,2026-09-05,SA1,2026-09-07,2,1764,1795,-31
06:00,2026-09-05,SA1,2026-09-08,3,1833,1824,9
06:00,2026-09-05,SA1,2026-09-09,4,1901,1814,87
06:00,2026-09-05,SA1,2026-09-10,5,1809,1760,49
06:00,2026-09-05,SA1,2026-09-11,6,1667,1645,22
06:00,2026-09-05,SA1,2026-09-12,7,1537,1536,1
06:00,2026-09-05,VIC1,2026-09-05,0,6486,6525,-39
06:00,2026-09-05,VIC1,2026-09-06,1,6336,6470,-134
06:00,2026-09-05,VIC1,2026-09-07,2,7276,7372,-96
06:00,2026-09-05,VIC1,2026-09-08,3,7212,7358,-146
06:00,2026-09-05,VIC1,2026-09-09,4,7508,7399,109
06:00,2026-09-05,VIC1,2026-09-10,5,7209,7119,90
06:00,2026-09-05,VIC1,2026-09-11,6,6723,6688,35
06:00,2026-09-05,VIC1,2026-09-12,7,5946,5946,0
06:00,2026-09-06,NSW1,2026-09-06,0,8489,8469,20
06:00,2026-09-06,NSW1,2026-09-07,1,9096,9129,-33
06:00,2026-09-06,NSW1,2026-09-08,2,9248,9241,7
06:00,2026-09-06,NSW1,2026-09-09,3,9650,9575,75
06:00,2026-09-06,NSW1,2026-09-10,4,9660,9725,-65
06:00,2026-09-06,NSW1,2026-09-11,5,9096,9092,4
06:00,2026-09-06,NSW1,2026-09-12,6,8306,8319,-13
06:00,2026-09-06,NSW1,2026-09-13,7,8432,8414,18
06:00,2026-09-06,QLD1,2026-09-06,0,7675,7693,-18
06:00,2026-09-06,QLD1,2026-09-07,1,7490,7524,-34
06:00,2026-09-06,QLD1,2026-09-08,2,7551,7592,-41
06:00,2026-09-06,QLD1,2026-09-09,3,7573,7590,-17
06:00,2026-09-06,QLD1,2026-09-10,4,7577,7610,-33
06:00,2026-09-06,QLD1,2026-09-11,5,7363,7360,3
06:00,2026-09-06,QLD1,2026-09-12,6,7030,7038,-8
06:00,2026-09-06,QLD1,2026-09-13,7,7205,7212,-7
06:00,2026-09-06,SA1,2026-09-06,0,1676,1675,1
06:00,2026-09-06,SA1,2026-09-07,1,1800,1764,36
06:00,2026-09-06,SA1,2026-09-08,2,1859,1833,26
06:00,2026-09-06,SA1,2026-09-09,3,1913,1901,12
06:00,2026-09-06,SA1,2026-09-10,4,1821,1809,12
06:00,2026-09-06,SA1,2026-09-11,5,1678,1667,11
06:00,2026-09-06,SA1,2026-09-12,6,1534,1537,-3
06:00,2026-09-06,SA1,2026-09-13,7,1579,1586,-7
06:00,2026-09-06,VIC1,2026-09-06,0,6379,6336,43
06:00,2026-09-06,VIC1,2026-09-07,1,7411,7276,135
06:00,2026-09-06,VIC1,2026-09-08,2,7308,7212,96
06:00,2026-09-06,VIC1,2026-09-09,3,7572,7508,64
06:00,2026-09-06,VIC1,2026-09-10,4,7317,7209,108
06:00,2026-09-06,VIC1,2026-09-11,5,6778,6723,55
06:00,2026-09-06,VIC1,2026-09-12,6,5919,5946,-27
06:00,2026-09-06,VIC1,2026-09-13,7,5932,5889,43
06:00,2026-09-07,NSW1,2026-09-07,0,9021,9096,-75
06:00,2026-09-07,NSW1,2026-09-08,1,9293,9248,45
06:00,2026-09-07,NSW1,2026-09-09,2,9783,9650,133
06:00,2026-09-07,NSW1,2026-09-10,3,9724,9660,64
06:00,2026-09-07,NSW1,2026-09-11,4,9113,9096,17
06:00,2026-09-07,NSW1,2026-09-12,5,8378,8306,72
06:00,2026-09-07,NSW1,2026-09-13,6,8438,8432,6
06:00,2026-09-07,NSW1,2026-09-14,7,9055,9011,44
06:00,2026-09-07,QLD1,2026-09-07,0,7462,7490,-28
06:00,2026-09-07,QLD1,2026-09-08,1,7518,7551,-33
06:00,2026-09-07,QLD1,2026-09-09,2,7527,7573,-46
06:00,2026-09-07,QLD1,2026-09-10,3,7552,7577,-25
06:00,2026-09-07,QLD1,2026-09-11,4,7346,7363,-17
06:00,2026-09-07,QLD1,2026-09-12,5,7040,7030,10
06:00,2026-09-07,QLD1,2026-09-13,6,7199,7205,-6
06:00,2026-09-07,QLD1,2026-09-14,7,7565,7589,-24
06:00,2026-09-07,SA1,2026-09-07,0,1806,1800,6
06:00,2026-09-07,SA1,2026-09-08,1,1883,1859,24
06:00,2026-09-07,SA1,2026-09-09,2,1961,1913,48
06:00,2026-09-07,SA1,2026-09-10,3,1856,1821,35
06:00,2026-09-07,SA1,2026-09-11,4,1695,1678,17
06:00,2026-09-07,SA1,2026-09-12,5,1533,1534,-1
06:00,2026-09-07,SA1,2026-09-13,6,1566,1579,-13
06:00,2026-09-07,SA1,2026-09-14,7,1717,1699,18
06:00,2026-09-07,VIC1,2026-09-07,0,7477,7411,66
06:00,2026-09-07,VIC1,2026-09-08,1,7253,7308,-55
06:00,2026-09-07,VIC1,2026-09-09,2,7589,7572,17
06:00,2026-09-07,VIC1,2026-09-10,3,7279,7317,-38
06:00,2026-09-07,VIC1,2026-09-11,4,6806,6778,28
06:00,2026-09-07,VIC1,2026-09-12,5,5958,5919,39
06:00,2026-09-07,VIC1,2026-09-13,6,5914,5932,-18
06:00,2026-09-07,VIC1,2026-09-14,7,6481,6592,-111
06:00,2026-09-08,NSW1,2026-09-08,0,9255,9293,-38
06:00,2026-09-08,NSW1,2026-09-09,1,9771,9783,-12
06:00,2026-09-08,NSW1,2026-09-10,2,9688,9724,-36
06:00,2026-09-08,NSW1,2026-09-11,3,9110,9113,-3
06:00,2026-09-08,NSW1,2026-09-12,4,8361,8378,-17
06:00,2026-09-08,NSW1,2026-09-13,5,8464,8438,26
06:00,2026-09-08,NSW1,2026-09-14,6,9024,9055,-31
06:00,2026-09-08,NSW1,2026-09-15,7,8971,8860,111
06:00,2026-09-08,QLD1,2026-09-08,0,7508,7518,-10
06:00,2026-09-08,QLD1,2026-09-09,1,7529,7527,2
06:00,2026-09-08,QLD1,2026-09-10,2,7514,7552,-38
06:00,2026-09-08,QLD1,2026-09-11,3,7325,7346,-21
06:00,2026-09-08,QLD1,2026-09-12,4,7017,7040,-23
06:00,2026-09-08,QLD1,2026-09-13,5,7211,7199,12
06:00,2026-09-08,QLD1,2026-09-14,6,7561,7565,-4
06:00,2026-09-08,QLD1,2026-09-15,7,7574,7638,-64
06:00,2026-09-08,SA1,2026-09-08,0,1839,1883,-44
06:00,2026-09-08,SA1,2026-09-09,1,1939,1961,-22
06:00,2026-09-08,SA1,2026-09-10,2,1824,1856,-32
06:00,2026-09-08,SA1,2026-09-11,3,1682,1695,-13
06:00,2026-09-08,SA1,2026-09-12,4,1527,1533,-6
06:00,2026-09-08,SA1,2026-09-13,5,1566,1566,0
06:00,2026-09-08,SA1,2026-09-14,6,1669,1717,-48
06:00,2026-09-08,SA1,2026-09-15,7,1772,1831,-59
06:00,2026-09-08,VIC1,2026-09-08,0,7185,7253,-68
06:00,2026-09-08,VIC1,2026-09-09,1,7543,7589,-46
06:00,2026-09-08,VIC1,2026-09-10,2,7243,7279,-36
06:00,2026-09-08,VIC1,2026-09-11,3,6735,6806,-71
06:00,2026-09-08,VIC1,2026-09-12,4,5910,5958,-48
06:00,2026-09-08,VIC1,2026-09-13,5,5903,5914,-11
06:00,2026-09-08,VIC1,2026-09-14,6,6475,6481,-6
06:00,2026-09-08,VIC1,2026-09-15,7,6693,6809,-116
06:00,2026-09-09,NSW1,2026-09-09,0,9798,9771,27
06:00,2026-09-09,NSW1,2026-09-10,1,9730,9688,42
06:00,2026-09-09,NSW1,2026-09-11,2,9132,9110,22
06:00,2026-09-09,NSW1,2026-09-12,3,8398,8361,37
06:00,2026-09-09,NSW1,2026-09-13,4,8452,8464,-12
06:00,2026-09-09,NSW1,2026-09-14,5,8954,9024,-70
06:00,2026-09-09,NSW1,2026-09-15,6,8889,8971,-82
06:00,2026-09-09,NSW1,2026-09-16,7,8838,8682,156
06:00,2026-09-09,QLD1,2026-09-09,0,7453,7529,-76
06:00,2026-09-09,QLD1,2026-09-10,1,7485,7514,-29
06:00,2026-09-09,QLD1,2026-09-11,2,7297,7325,-28
06:00,2026-09-09,QLD1,2026-09-12,3,6975,7017,-42
06:00,2026-09-09,QLD1,2026-09-13,4,7155,7211,-56
06:00,2026-09-09,QLD1,2026-09-14,5,7515,7561,-46
06:00,2026-09-09,QLD1,2026-09-15,6,7532,7574,-42
06:00,2026-09-09,QLD1,2026-09-16,7,7656,7652,4
06:00,2026-09-09,SA1,2026-09-09,0,1927,1939,-12
06:00,2026-09-09,SA1,2026-09-10,1,1826,1824,2
06:00,2026-09-09,SA1,2026-09-11,2,1669,1682,-13
06:00,2026-09-09,SA1,2026-09-12,3,1536,1527,9
06:00,2026-09-09,SA1,2026-09-13,4,1553,1566,-13
06:00,2026-09-09,SA1,2026-09-14,5,1645,1669,-24
06:00,2026-09-09,SA1,2026-09-15,6,1824,1772,52
06:00,2026-09-09,SA1,2026-09-16,7,1847,1791,56
06:00,2026-09-09,VIC1,2026-09-09,0,7559,7543,16
06:00,2026-09-09,VIC1,2026-09-10,1,7277,7243,34
06:00,2026-09-09,VIC1,2026-09-11,2,6753,6735,18
06:00,2026-09-09,VIC1,2026-09-12,3,5940,5910,30
06:00,2026-09-09,VIC1,2026-09-13,4,5951,5903,48
06:00,2026-09-09,VIC1,2026-09-14,5,6504,6475,29
06:00,2026-09-09,VIC1,2026-09-15,6,6921,6693,228
06:00,2026-09-09,VIC1,2026-09-16,7,7075,6866,209
06:00,2026-09-10,NSW1,2026-09-10,0,9648,9730,-82
06:00,2026-09-10,NSW1,2026-09-11,1,9109,9132,-23
06:00,2026-09-10,NSW1,2026-09-12,2,8397,8398,-1
06:00,2026-09-10,NSW1,2026-09-13,3,8443,8452,-9
06:00,2026-09-10,NSW1,2026-09-14,4,8929,8954,-25
06:00,2026-09-10,NSW1,2026-09-15,5,8899,8889,10
06:00,2026-09-10,NSW1,2026-09-16,6,9018,8838,180
06:00,2026-09-10,NSW1,2026-09-17,7,9125,9019,106
06:00,2026-09-10,QLD1,2026-09-10,0,7517,7485,32
06:00,2026-09-10,QLD1,2026-09-11,1,7312,7297,15
06:00,2026-09-10,QLD1,2026-09-12,2,6990,6975,15
06:00,2026-09-10,QLD1,2026-09-13,3,7171,7155,16
06:00,2026-09-10,QLD1,2026-09-14,4,7511,7515,-4
06:00,2026-09-10,QLD1,2026-09-15,5,7528,7532,-4
06:00,2026-09-10,QLD1,2026-09-16,6,7663,7656,7
06:00,2026-09-10,QLD1,2026-09-17,7,7597,7580,17
06:00,2026-09-10,SA1,2026-09-10,0,1812,1826,-14
06:00,2026-09-10,SA1,2026-09-11,1,1656,1669,-13
06:00,2026-09-10,SA1,2026-09-12,2,1529,1536,-7
06:00,2026-09-10,SA1,2026-09-13,3,1544,1553,-9
06:00,2026-09-10,SA1,2026-09-14,4,1663,1645,18
06:00,2026-09-10,SA1,2026-09-15,5,1852,1824,28
06:00,2026-09-10,SA1,2026-09-16,6,1889,1847,42
06:00,2026-09-10,SA1,2026-09-17,7,1814,1778,36
06:00,2026-09-10,VIC1,2026-09-10,0,7226,7277,-51
06:00,2026-09-10,VIC1,2026-09-11,1,6791,6753,38
06:00,2026-09-10,VIC1,2026-09-12,2,5925,5940,-15
06:00,2026-09-10,VIC1,2026-09-13,3,5953,5951,2
06:00,2026-09-10,VIC1,2026-09-14,4,6469,6504,-35
06:00,2026-09-10,VIC1,2026-09-15,5,7090,6921,169
06:00,2026-09-10,VIC1,2026-09-16,6,7200,7075,125
06:00,2026-09-10,VIC1,2026-09-17,7,6939,6826,113
06:00,2026-09-11,NSW1,2026-09-11,0,9072,9109,-37
06:00,2026-09-11,NSW1,2026-09-12,1,8390,8397,-7
06:00,2026-09-11,NSW1,2026-09-13,2,8437,8443,-6
06:00,2026-09-11,NSW1,2026-09-14,3,8997,8929,68
06:00,2026-09-11,NSW1,2026-09-15,4,8874,8899,-25
06:00,2026-09-11,NSW1,2026-09-16,5,9113,9018,95
06:00,2026-09-11,NSW1,2026-09-17,6,9047,9125,-78
06:00,2026-09-11,NSW1,2026-09-18,7,8494,8572,-78
06:00,2026-09-11,QLD1,2026-09-11,0,7327,7312,15
06:00,2026-09-11,QLD1,2026-09-12,1,7025,6990,35
06:00,2026-09-11,QLD1,2026-09-13,2,7181,7171,10
06:00,2026-09-11,QLD1,2026-09-14,3,7521,7511,10
06:00,2026-09-11,QLD1,2026-09-15,4,7551,7528,23
06:00,2026-09-11,QLD1,2026-09-16,5,7653,7663,-10
06:00,2026-09-11,QLD1,2026-09-17,6,7569,7597,-28
06:00,2026-09-11,QLD1,2026-09-18,7,7353,7357,-4
06:00,2026-09-11,SA1,2026-09-11,0,1675,1656,19
06:00,2026-09-11,SA1,2026-09-12,1,1536,1529,7
06:00,2026-09-11,SA1,2026-09-13,2,1575,1544,31
06:00,2026-09-11,SA1,2026-09-14,3,1787,1663,124
06:00,2026-09-11,SA1,2026-09-15,4,1918,1852,66
06:00,2026-09-11,SA1,2026-09-16,5,1896,1889,7
06:00,2026-09-11,SA1,2026-09-17,6,1813,1814,-1
06:00,2026-09-11,SA1,2026-09-18,7,1696,1699,-3
06:00,2026-09-11,VIC1,2026-09-11,0,6877,6791,86
06:00,2026-09-11,VIC1,2026-09-12,1,6013,5925,88
06:00,2026-09-11,VIC1,2026-09-13,2,6038,5953,85
06:00,2026-09-11,VIC1,2026-09-14,3,6652,6469,183
06:00,2026-09-11,VIC1,2026-09-15,4,7316,7090,226
06:00,2026-09-11,VIC1,2026-09-16,5,7276,7200,76
06:00,2026-09-11,VIC1,2026-09-17,6,6934,6939,-5
06:00,2026-09-11,VIC1,2026-09-18,7,6335,6433,-98
06:00,2026-09-12,NSW1,2026-09-12,0,8401,8390,11
06:00,2026-09-12,NSW1,2026-09-13,1,8446,8437,9
06:00,2026-09-12,NSW1,2026-09-14,2,8980,8997,-17
06:00,2026-09-12,NSW1,2026-09-15,3,8890,8874,16
06:00,2026-09-12,NSW1,2026-09-16,4,9315,9113,202
06:00,2026-09-12,NSW1,2026-09-17,5,9262,9047,215
06:00,2026-09-12,NSW1,2026-09-18,6,8595,8494,101
06:00,2026-09-12,NSW1,2026-09-19,7,8051,8102,-51
06:00,2026-09-12,QLD1,2026-09-12,0,7011,7025,-14
06:00,2026-09-12,QLD1,2026-09-13,1,7202,7181,21
06:00,2026-09-12,QLD1,2026-09-14,2,7548,7521,27
06:00,2026-09-12,QLD1,2026-09-15,3,7575,7551,24
06:00,2026-09-12,QLD1,2026-09-16,4,7660,7653,7
06:00,2026-09-12,QLD1,2026-09-17,5,7566,7569,-3
06:00,2026-09-12,QLD1,2026-09-18,6,7357,7353,4
06:00,2026-09-12,QLD1,2026-09-19,7,7072,7045,27
06:00,2026-09-12,SA1,2026-09-12,0,1537,1536,1
06:00,2026-09-12,SA1,2026-09-13,1,1609,1575,34
06:00,2026-09-12,SA1,2026-09-14,2,1822,1787,35
06:00,2026-09-12,SA1,2026-09-15,3,1976,1918,58
06:00,2026-09-12,SA1,2026-09-16,4,1947,1896,51
06:00,2026-09-12,SA1,2026-09-17,5,1856,1813,43
06:00,2026-09-12,SA1,2026-09-18,6,1713,1696,17
06:00,2026-09-12,SA1,2026-09-19,7,1564,1575,-11
06:00,2026-09-12,VIC1,2026-09-12,0,6008,6013,-5
06:00,2026-09-12,VIC1,2026-09-13,1,6031,6038,-7
06:00,2026-09-12,VIC1,2026-09-14,2,6717,6652,65
06:00,2026-09-12,VIC1,2026-09-15,3,7385,7316,69
06:00,2026-09-12,VIC1,2026-09-16,4,7363,7276,87
06:00,2026-09-12,VIC1,2026-09-17,5,7197,6934,263
06:00,2026-09-12,VIC1,2026-09-18,6,6451,6335,116
06:00,2026-09-12,VIC1,2026-09-19,7,5769,5750,19
06:00,2026-09-13,NSW1,2026-09-13,0,8448,8446,2
06:00,2026-09-13,NSW1,2026-09-14,1,8918,8980,-62
06:00,2026-09-13,NSW1,2026-09-15,2,8913,8890,23
06:00,2026-09-13,NSW1,2026-09-16,3,9483,9315,168
06:00,2026-09-13,NSW1,2026-09-17,4,9622,9262,360
06:00,2026-09-13,NSW1,2026-09-18,5,8764,8595,169
06:00,2026-09-13,NSW1,2026-09-19,6,8095,8051,44
06:00,2026-09-13,NSW1,2026-09-20,7,8461,8487,-26
06:00,2026-09-13,QLD1,2026-09-13,0,7138,7202,-64
06:00,2026-09-13,QLD1,2026-09-14,1,7508,7548,-40
06:00,2026-09-13,QLD1,2026-09-15,2,7542,7575,-33
06:00,2026-09-13,QLD1,2026-09-16,3,7673,7660,13
06:00,2026-09-13,QLD1,2026-09-17,4,7542,7566,-24
06:00,2026-09-13,QLD1,2026-09-18,5,7323,7357,-34
06:00,2026-09-13,QLD1,2026-09-19,6,7026,7072,-46
06:00,2026-09-13,QLD1,2026-09-20,7,7288,7331,-43
06:00,2026-09-13,SA1,2026-09-13,0,1621,1609,12
06:00,2026-09-13,SA1,2026-09-14,1,1821,1822,-1
06:00,2026-09-13,SA1,2026-09-15,2,1968,1976,-8
06:00,2026-09-13,SA1,2026-09-16,3,1963,1947,16
06:00,2026-09-13,SA1,2026-09-17,4,1864,1856,8
06:00,2026-09-13,SA1,2026-09-18,5,1724,1713,11
06:00,2026-09-13,SA1,2026-09-19,6,1562,1564,-2
06:00,2026-09-13,SA1,2026-09-20,7,1599,1595,4
06:00,2026-09-13,VIC1,2026-09-13,0,6047,6031,16
06:00,2026-09-13,VIC1,2026-09-14,1,6732,6717,15
06:00,2026-09-13,VIC1,2026-09-15,2,7384,7385,-1
06:00,2026-09-13,VIC1,2026-09-16,3,7471,7363,108
06:00,2026-09-13,VIC1,2026-09-17,4,7250,7197,53
06:00,2026-09-13,VIC1,2026-09-18,5,6463,6451,12
06:00,2026-09-13,VIC1,2026-09-19,6,5737,5769,-32
06:00,2026-09-13,VIC1,2026-09-20,7,5941,5850,91
06:00,2026-09-14,NSW1,2026-09-14,0,8913,8918,-5
06:00,2026-09-14,NSW1,2026-09-15,1,8884,8913,-29
06:00,2026-09-14,NSW1,2026-09-16,2,9483,9483,0
06:00,2026-09-14,NSW1,2026-09-17,3,9501,9622,-121
06:00,2026-09-14,NSW1,2026-09-18,4,8707,8764,-57
06:00,2026-09-14,NSW1,2026-09-19,5,8097,8095,2
06:00,2026-09-14,NSW1,2026-09-20,6,8484,8461,23
06:00,2026-09-14,NSW1,2026-09-21,7,8659,8690,-31
06:00,2026-09-14,QLD1,2026-09-14,0,7463,7508,-45
06:00,2026-09-14,QLD1,2026-09-15,1,7508,7542,-34
06:00,2026-09-14,QLD1,2026-09-16,2,7622,7673,-51
06:00,2026-09-14,QLD1,2026-09-17,3,7510,7542,-32
06:00,2026-09-14,QLD1,2026-09-18,4,7316,7323,-7
06:00,2026-09-14,QLD1,2026-09-19,5,7045,7026,19
06:00,2026-09-14,QLD1,2026-09-20,6,7310,7288,22
06:00,2026-09-14,QLD1,2026-09-21,7,7730,7730,0
06:00,2026-09-14,SA1,2026-09-14,0,1827,1821,6
06:00,2026-09-14,SA1,2026-09-15,1,1975,1968,7
06:00,2026-09-14,SA1,2026-09-16,2,1957,1963,-6
06:00,2026-09-14,SA1,2026-09-17,3,1874,1864,10
06:00,2026-09-14,SA1,2026-09-18,4,1726,1724,2
06:00,2026-09-14,SA1,2026-09-19,5,1558,1562,-4
06:00,2026-09-14,SA1,2026-09-20,6,1601,1599,2
06:00,2026-09-14,SA1,2026-09-21,7,1739,1727,12
06:00,2026-09-14,VIC1,2026-09-14,0,6740,6732,8
06:00,2026-09-14,VIC1,2026-09-15,1,7300,7384,-84
06:00,2026-09-14,VIC1,2026-09-16,2,7395,7471,-76
06:00,2026-09-14,VIC1,2026-09-17,3,7195,7250,-55
06:00,2026-09-14,VIC1,2026-09-18,4,6422,6463,-41
06:00,2026-09-14,VIC1,2026-09-19,5,5703,5737,-34
06:00,2026-09-14,VIC1,2026-09-20,6,5880,5941,-61
06:00,2026-09-14,VIC1,2026-09-21,7,6637,6699,-62
06:00,2026-09-15,NSW1,2026-09-15,0,8924,8884,40
06:00,2026-09-15,NSW1,2026-09-16,1,9511,9483,28
06:00,2026-09-15,NSW1,2026-09-17,2,9429,9501,-72
06:00,2026-09-15,NSW1,2026-09-18,3,8634,8707,-73
06:00,2026-09-15,NSW1,2026-09-19,4,8089,8097,-8
06:00,2026-09-15,NSW1,2026-09-20,5,8476,8484,-8
06:00,2026-09-15,NSW1,2026-09-21,6,8675,8659,16
06:00,2026-09-15,NSW1,2026-09-22,7,8677,8630,47
06:00,2026-09-15,QLD1,2026-09-15,0,7479,7508,-29
06:00,2026-09-15,QLD1,2026-09-16,1,7621,7622,-1
06:00,2026-09-15,QLD1,2026-09-17,2,7505,7510,-5
06:00,2026-09-15,QLD1,2026-09-18,3,7322,7316,6
06:00,2026-09-15,QLD1,2026-09-19,4,7061,7045,16
06:00,2026-09-15,QLD1,2026-09-20,5,7289,7310,-21
06:00,2026-09-15,QLD1,2026-09-21,6,7762,7730,32
06:00,2026-09-15,QLD1,2026-09-22,7,7728,7706,22
06:00,2026-09-15,SA1,2026-09-15,0,1995,1975,20
06:00,2026-09-15,SA1,2026-09-16,1,1957,1957,0
06:00,2026-09-15,SA1,2026-09-17,2,1882,1874,8
06:00,2026-09-15,SA1,2026-09-18,3,1731,1726,5
06:00,2026-09-15,SA1,2026-09-19,4,1579,1558,21
06:00,2026-09-15,SA1,2026-09-20,5,1590,1601,-11
06:00,2026-09-15,SA1,2026-09-21,6,1725,1739,-14
06:00,2026-09-15,SA1,2026-09-22,7,1697,1729,-32
06:00,2026-09-15,VIC1,2026-09-15,0,7279,7300,-21
06:00,2026-09-15,VIC1,2026-09-16,1,7362,7395,-33
06:00,2026-09-15,VIC1,2026-09-17,2,7153,7195,-42
06:00,2026-09-15,VIC1,2026-09-18,3,6373,6422,-49
06:00,2026-09-15,VIC1,2026-09-19,4,5717,5703,14
06:00,2026-09-15,VIC1,2026-09-20,5,5728,5880,-152
06:00,2026-09-15,VIC1,2026-09-21,6,6663,6637,26
06:00,2026-09-15,VIC1,2026-09-22,7,6406,6509,-103
06:00,2026-09-16,NSW1,2026-09-16,0,9438,9511,-73
06:00,2026-09-16,NSW1,2026-09-17,1,9332,9429,-97
06:00,2026-09-16,NSW1,2026-09-18,2,8645,8634,11
06:00,2026-09-16,NSW1,2026-09-19,3,8138,8089,49
06:00,2026-09-16,NSW1,2026-09-20,4,8349,8476,-127
06:00,2026-09-16,NSW1,2026-09-21,5,8634,8675,-41
06:00,2026-09-16,NSW1,2026-09-22,6,8821,8677,144
06:00,2026-09-16,NSW1,2026-09-23,7,8710,8837,-127
06:00,2026-09-16,QLD1,2026-09-16,0,7638,7621,17
06:00,2026-09-16,QLD1,2026-09-17,1,7529,7505,24
06:00,2026-09-16,QLD1,2026-09-18,2,7329,7322,7
06:00,2026-09-16,QLD1,2026-09-19,3,7113,7061,52
06:00,2026-09-16,QLD1,2026-09-20,4,7305,7289,16
06:00,2026-09-16,QLD1,2026-09-21,5,7854,7762,92
06:00,2026-09-16,QLD1,2026-09-22,6,7730,7728,2
06:00,2026-09-16,QLD1,2026-09-23,7,7639,7676,-37
06:00,2026-09-16,SA1,2026-09-16,0,1912,1957,-45
06:00,2026-09-16,SA1,2026-09-17,1,1841,1882,-41
06:00,2026-09-16,SA1,2026-09-18,2,1678,1731,-53
06:00,2026-09-16,SA1,2026-09-19,3,1520,1579,-59
06:00,2026-09-16,SA1,2026-09-20,4,1537,1590,-53
06:00,2026-09-16,SA1,2026-09-21,5,1747,1725,22
06:00,2026-09-16,SA1,2026-09-22,6,1706,1697,9
06:00,2026-09-16,SA1,2026-09-23,7,1627,1667,-40
06:00,2026-09-16,VIC1,2026-09-16,0,7415,7362,53
06:00,2026-09-16,VIC1,2026-09-17,1,7132,7153,-21
06:00,2026-09-16,VIC1,2026-09-18,2,6350,6373,-23
06:00,2026-09-16,VIC1,2026-09-19,3,5677,5717,-40
06:00,2026-09-16,VIC1,2026-09-20,4,5729,5728,1
06:00,2026-09-16,VIC1,2026-09-21,5,6894,6663,231
06:00,2026-09-16,VIC1,2026-09-22,6,6831,6406,425
06:00,2026-09-16,VIC1,2026-09-23,7,6404,6326,78
06:00,2026-09-17,NSW1,2026-09-17,0,9369,9332,37
06:00,2026-09-17,NSW1,2026-09-18,1,8675,8645,30
06:00,2026-09-17,NSW1,2026-09-19,2,8178,8138,40
06:00,2026-09-17,NSW1,2026-09-20,3,8343,8349,-6
06:00,2026-09-17,NSW1,2026-09-21,4,8667,8634,33
06:00,2026-09-17,NSW1,2026-09-22,5,8851,8821,30
06:00,2026-09-17,NSW1,2026-09-23,6,8672,8710,-38
06:00,2026-09-17,NSW1,2026-09-24,7,8734,8708,26
06:00,2026-09-17,QLD1,2026-09-17,0,7513,7529,-16
06:00,2026-09-17,QLD1,2026-09-18,1,7371,7329,42
06:00,2026-09-17,QLD1,2026-09-19,2,7205,7113,92
06:00,2026-09-17,QLD1,2026-09-20,3,7350,7305,45
06:00,2026-09-17,QLD1,2026-09-21,4,7886,7854,32
06:00,2026-09-17,QLD1,2026-09-22,5,7767,7730,37
06:00,2026-09-17,QLD1,2026-09-23,6,7660,7639,21
06:00,2026-09-17,QLD1,2026-09-24,7,7609,7589,20
06:00,2026-09-17,SA1,2026-09-17,0,1838,1841,-3
06:00,2026-09-17,SA1,2026-09-18,1,1677,1678,-1
06:00,2026-09-17,SA1,2026-09-19,2,1511,1520,-9
06:00,2026-09-17,SA1,2026-09-20,3,1529,1537,-8
06:00,2026-09-17,SA1,2026-09-21,4,1803,1747,56
06:00,2026-09-17,SA1,2026-09-22,5,1734,1706,28
06:00,2026-09-17,SA1,2026-09-23,6,1643,1627,16
06:00,2026-09-17,SA1,2026-09-24,7,1627,1633,-6
06:00,2026-09-17,VIC1,2026-09-17,0,7183,7132,51
06:00,2026-09-17,VIC1,2026-09-18,1,6375,6350,25
06:00,2026-09-17,VIC1,2026-09-19,2,5687,5677,10
06:00,2026-09-17,VIC1,2026-09-20,3,5760,5729,31
06:00,2026-09-17,VIC1,2026-09-21,4,6996,6894,102
06:00,2026-09-17,VIC1,2026-09-22,5,6868,6831,37
06:00,2026-09-17,VIC1,2026-09-23,6,6405,6404,1
06:00,2026-09-17,VIC1,2026-09-24,7,6356,6345,11
06:00,2026-09-18,NSW1,2026-09-18,0,8747,8675,72
06:00,2026-09-18,NSW1,2026-09-19,1,8204,8178,26
06:00,2026-09-18,NSW1,2026-09-20,2,8395,8343,52
06:00,2026-09-18,NSW1,2026-09-21,3,8681,8667,14
06:00,2026-09-18,NSW1,2026-09-22,4,8921,8851,70
06:00,2026-09-18,NSW1,2026-09-23,5,8695,8672,23
06:00,2026-09-18,NSW1,2026-09-24,6,8698,8734,-36
06:00,2026-09-18,NSW1,2026-09-25,7,8462,8470,-8
06:00,2026-09-18,QLD1,2026-09-18,0,7311,7371,-60
06:00,2026-09-18,QLD1,2026-09-19,1,7178,7205,-27
06:00,2026-09-18,QLD1,2026-09-20,2,7316,7350,-34
06:00,2026-09-18,QLD1,2026-09-21,3,7854,7886,-32
06:00,2026-09-18,QLD1,2026-09-22,4,7746,7767,-21
06:00,2026-09-18,QLD1,2026-09-23,5,7643,7660,-17
06:00,2026-09-18,QLD1,2026-09-24,6,7557,7609,-52
06:00,2026-09-18,QLD1,2026-09-25,7,7361,7389,-28
06:00,2026-09-18,SA1,2026-09-18,0,1667,1677,-10
06:00,2026-09-18,SA1,2026-09-19,1,1511,1511,0
06:00,2026-09-18,SA1,2026-09-20,2,1528,1529,-1
06:00,2026-09-18,SA1,2026-09-21,3,1821,1803,18
06:00,2026-09-18,SA1,2026-09-22,4,1739,1734,5
06:00,2026-09-18,SA1,2026-09-23,5,1644,1643,1
06:00,2026-09-18,SA1,2026-09-24,6,1637,1627,10
06:00,2026-09-18,SA1,2026-09-25,7,1595,1556,39
06:00,2026-09-18,VIC1,2026-09-18,0,6453,6375,78
06:00,2026-09-18,VIC1,2026-09-19,1,5746,5687,59
06:00,2026-09-18,VIC1,2026-09-20,2,5987,5760,227
06:00,2026-09-18,VIC1,2026-09-21,3,7011,6996,15
06:00,2026-09-18,VIC1,2026-09-22,4,6810,6868,-58
06:00,2026-09-18,VIC1,2026-09-23,5,6386,6405,-19
06:00,2026-09-18,VIC1,2026-09-24,6,6384,6356,28
06:00,2026-09-18,VIC1,2026-09-25,7,5826,5774,52
06:00,2026-09-19,NSW1,2026-09-19,0,8298,8204,94
06:00,2026-09-19,NSW1,2026-09-20,1,8414,8395,19
06:00,2026-09-19,NSW1,2026-09-21,2,8705,8681,24
06:00,2026-09-19,NSW1,2026-09-22,3,8992,8921,71
06:00,2026-09-19,NSW1,2026-09-23,4,8732,8695,37
06:00,2026-09-19,NSW1,2026-09-24,5,8708,8698,10
06:00,2026-09-19,NSW1,2026-09-25,6,8585,8462,123
06:00,2026-09-19,NSW1,2026-09-26,7,8213,8067,146
06:00,2026-09-19,QLD1,2026-09-19,0,7069,7178,-109
06:00,2026-09-19,QLD1,2026-09-20,1,7320,7316,4
06:00,2026-09-19,QLD1,2026-09-21,2,7835,7854,-19
06:00,2026-09-19,QLD1,2026-09-22,3,7715,7746,-31
06:00,2026-09-19,QLD1,2026-09-23,4,7626,7643,-17
06:00,2026-09-19,QLD1,2026-09-24,5,7576,7557,19
06:00,2026-09-19,QLD1,2026-09-25,6,7357,7361,-4
06:00,2026-09-19,QLD1,2026-09-26,7,7068,7078,-10
06:00,2026-09-19,SA1,2026-09-19,0,1519,1511,8
06:00,2026-09-19,SA1,2026-09-20,1,1530,1528,2
06:00,2026-09-19,SA1,2026-09-21,2,1814,1821,-7
06:00,2026-09-19,SA1,2026-09-22,3,1731,1739,-8
06:00,2026-09-19,SA1,2026-09-23,4,1679,1644,35
06:00,2026-09-19,SA1,2026-09-24,5,1645,1637,8
06:00,2026-09-19,SA1,2026-09-25,6,1621,1595,26
06:00,2026-09-19,SA1,2026-09-26,7,1584,1500,84
06:00,2026-09-19,VIC1,2026-09-19,0,5707,5746,-39
06:00,2026-09-19,VIC1,2026-09-20,1,5912,5987,-75
06:00,2026-09-19,VIC1,2026-09-21,2,7031,7011,20
06:00,2026-09-19,VIC1,2026-09-22,3,6782,6810,-28
06:00,2026-09-19,VIC1,2026-09-23,4,6358,6386,-28
06:00,2026-09-19,VIC1,2026-09-24,5,6388,6384,4
06:00,2026-09-19,VIC1,2026-09-25,6,6074,5826,248
06:00,2026-09-19,VIC1,2026-09-26,7,5640,5704,-64
06:00,2026-09-20,NSW1,2026-09-20,0,8460,8414,46
06:00,2026-09-20,NSW1,2026-09-21,1,8722,8705,17
06:00,2026-09-20,NSW1,2026-09-22,2,8979,8992,-13
06:00,2026-09-20,NSW1,2026-09-23,3,8769,8732,37
06:00,2026-09-20,NSW1,2026-09-24,4,8752,8708,44
06:00,2026-09-20,NSW1,2026-09-25,5,8618,8585,33
06:00,2026-09-20,NSW1,2026-09-26,6,8304,8213,91
06:00,2026-09-20,NSW1,2026-09-27,7,8116,8128,-12
06:00,2026-09-20,QLD1,2026-09-20,0,7290,7320,-30
06:00,2026-09-20,QLD1,2026-09-21,1,7872,7835,37
06:00,2026-09-20,QLD1,2026-09-22,2,7740,7715,25
06:00,2026-09-20,QLD1,2026-09-23,3,7632,7626,6
06:00,2026-09-20,QLD1,2026-09-24,4,7571,7576,-5
06:00,2026-09-20,QLD1,2026-09-25,5,7356,7357,-1
06:00,2026-09-20,QLD1,2026-09-26,6,7053,7068,-15
06:00,2026-09-20,QLD1,2026-09-27,7,7238,7249,-11
06:00,2026-09-20,SA1,2026-09-20,0,1527,1530,-3
06:00,2026-09-20,SA1,2026-09-21,1,1833,1814,19
06:00,2026-09-20,SA1,2026-09-22,2,1741,1731,10
06:00,2026-09-20,SA1,2026-09-23,3,1662,1679,-17
06:00,2026-09-20,SA1,2026-09-24,4,1676,1645,31
06:00,2026-09-20,SA1,2026-09-25,5,1628,1621,7
06:00,2026-09-20,SA1,2026-09-26,6,1504,1584,-80
06:00,2026-09-20,SA1,2026-09-27,7,1506,1560,-54
06:00,2026-09-20,VIC1,2026-09-20,0,5923,5912,11
06:00,2026-09-20,VIC1,2026-09-21,1,7009,7031,-22
06:00,2026-09-20,VIC1,2026-09-22,2,6784,6782,2
06:00,2026-09-20,VIC1,2026-09-23,3,6414,6358,56
06:00,2026-09-20,VIC1,2026-09-24,4,6392,6388,4
06:00,2026-09-20,VIC1,2026-09-25,5,6162,6074,88
06:00,2026-09-20,VIC1,2026-09-26,6,5642,5640,2
06:00,2026-09-20,VIC1,2026-09-27,7,5754,5751,3
06:00,2026-09-21,NSW1,2026-09-21,0,8841,8722,119
06:00,2026-09-21,NSW1,2026-09-22,1,9026,8979,47
06:00,2026-09-21,NSW1,2026-09-23,2,8690,8769,-79
06:00,2026-09-21,NSW1,2026-09-24,3,8696,8752,-56
06:00,2026-09-21,NSW1,2026-09-25,4,8662,8618,44
06:00,2026-09-21,NSW1,2026-09-26,5,8375,8304,71
06:00,2026-09-21,NSW1,2026-09-27,6,8174,8116,58
06:00,2026-09-21,NSW1,2026-09-28,7,8593,8558,35
06:00,2026-09-21,QLD1,2026-09-21,0,7797,7872,-75
06:00,2026-09-21,QLD1,2026-09-22,1,7721,7740,-19
06:00,2026-09-21,QLD1,2026-09-23,2,7610,7632,-22
06:00,2026-09-21,QLD1,2026-09-24,3,7563,7571,-8
06:00,2026-09-21,QLD1,2026-09-25,4,7339,7356,-17
06:00,2026-09-21,QLD1,2026-09-26,5,7054,7053,1
06:00,2026-09-21,QLD1,2026-09-27,6,7225,7238,-13
06:00,2026-09-21,QLD1,2026-09-28,7,7597,7598,-1
06:00,2026-09-21,SA1,2026-09-21,0,1831,1833,-2
06:00,2026-09-21,SA1,2026-09-22,1,1740,1741,-1
06:00,2026-09-21,SA1,2026-09-23,2,1652,1662,-10
06:00,2026-09-21,SA1,2026-09-24,3,1665,1676,-11
06:00,2026-09-21,SA1,2026-09-25,4,1624,1628,-4
06:00,2026-09-21,SA1,2026-09-26,5,1481,1504,-23
06:00,2026-09-21,SA1,2026-09-27,6,1521,1506,15
06:00,2026-09-21,SA1,2026-09-28,7,1688,1656,32
06:00,2026-09-21,VIC1,2026-09-21,0,6954,7009,-55
06:00,2026-09-21,VIC1,2026-09-22,1,6720,6784,-64
06:00,2026-09-21,VIC1,2026-09-23,2,6337,6414,-77
06:00,2026-09-21,VIC1,2026-09-24,3,6501,6392,109
06:00,2026-09-21,VIC1,2026-09-25,4,6148,6162,-14
06:00,2026-09-21,VIC1,2026-09-26,5,5691,5642,49
06:00,2026-09-21,VIC1,2026-09-27,6,5760,5754,6
06:00,2026-09-21,VIC1,2026-09-28,7,6227,6210,17
06:00,2026-09-22,NSW1,2026-09-22,0,9138,9026,112
06:00,2026-09-22,NSW1,2026-09-23,1,8759,8690,69
06:00,2026-09-22,NSW1,2026-09-24,2,8723,8696,27
06:00,2026-09-22,NSW1,2026-09-25,3,8657,8662,-5
06:00,2026-09-22,NSW1,2026-09-26,4,8369,8375,-6
06:00,2026-09-22,NSW1,2026-09-27,5,8134,8174,-40
06:00,2026-09-22,NSW1,2026-09-28,6,8539,8593,-54
06:00,2026-09-22,NSW1,2026-09-29,7,8724,8636,88
06:00,2026-09-22,QLD1,2026-09-22,0,7668,7721,-53
06:00,2026-09-22,QLD1,2026-09-23,1,7638,7610,28
06:00,2026-09-22,QLD1,2026-09-24,2,7561,7563,-2
06:00,2026-09-22,QLD1,2026-09-25,3,7350,7339,11
06:00,2026-09-22,QLD1,2026-09-26,4,7057,7054,3
06:00,2026-09-22,QLD1,2026-09-27,5,7259,7225,34
06:00,2026-09-22,QLD1,2026-09-28,6,7616,7597,19
06:00,2026-09-22,QLD1,2026-09-29,7,7592,7565,27
06:00,2026-09-22,SA1,2026-09-22,0,1750,1740,10
06:00,2026-09-22,SA1,2026-09-23,1,1669,1652,17
06:00,2026-09-22,SA1,2026-09-24,2,1689,1665,24
06:00,2026-09-22,SA1,2026-09-25,3,1616,1624,-8
06:00,2026-09-22,SA1,2026-09-26,4,1588,1481,107
06:00,2026-09-22,SA1,2026-09-27,5,1578,1521,57
06:00,2026-09-22,SA1,2026-09-28,6,1703,1688,15
06:00,2026-09-22,SA1,2026-09-29,7,1617,1626,-9
06:00,2026-09-22,VIC1,2026-09-22,0,6810,6720,90
06:00,2026-09-22,VIC1,2026-09-23,1,6555,6337,218
06:00,2026-09-22,VIC1,2026-09-24,2,6513,6501,12
06:00,2026-09-22,VIC1,2026-09-25,3,6132,6148,-16
06:00,2026-09-22,VIC1,2026-09-26,4,5675,5691,-16
06:00,2026-09-22,VIC1,2026-09-27,5,5710,5760,-50
06:00,2026-09-22,VIC1,2026-09-28,6,6518,6227,291
06:00,2026-09-22,VIC1,2026-09-29,7,6361,6273,88
06:00,2026-09-23,NSW1,2026-09-23,0,8853,8759,94
06:00,2026-09-23,NSW1,2026-09-24,1,8788,8723,65
06:00,2026-09-23,NSW1,2026-09-25,2,8838,8657,181
06:00,2026-09-23,NSW1,2026-09-26,3,8561,8369,192
06:00,2026-09-23,NSW1,2026-09-27,4,8244,8134,110
06:00,2026-09-23,NSW1,2026-09-28,5,8752,8539,213
06:00,2026-09-23,NSW1,2026-09-29,6,8671,8724,-53
06:00,2026-09-23,NSW1,2026-09-30,7,8619,8707,-88
06:00,2026-09-23,QLD1,2026-09-23,0,7641,7638,3
06:00,2026-09-23,QLD1,2026-09-24,1,7626,7561,65
06:00,2026-09-23,QLD1,2026-09-25,2,7372,7350,22
06:00,2026-09-23,QLD1,2026-09-26,3,7112,7057,55
06:00,2026-09-23,QLD1,2026-09-27,4,7332,7259,73
06:00,2026-09-23,QLD1,2026-09-28,5,7611,7616,-5
06:00,2026-09-23,QLD1,2026-09-29,6,7616,7592,24
06:00,2026-09-23,QLD1,2026-09-30,7,7596,7559,37
06:00,2026-09-23,SA1,2026-09-23,0,1619,1669,-50
06:00,2026-09-23,SA1,2026-09-24,1,1632,1689,-57
06:00,2026-09-23,SA1,2026-09-25,2,1609,1616,-7
06:00,2026-09-23,SA1,2026-09-26,3,1515,1588,-73
06:00,2026-09-23,SA1,2026-09-27,4,1542,1578,-36
06:00,2026-09-23,SA1,2026-09-28,5,1727,1703,24
06:00,2026-09-23,SA1,2026-09-29,6,1603,1617,-14
06:00,2026-09-23,SA1,2026-09-30,7,1593,1642,-49
06:00,2026-09-23,VIC1,2026-09-23,0,6375,6555,-180
06:00,2026-09-23,VIC1,2026-09-24,1,6496,6513,-17
06:00,2026-09-23,VIC1,2026-09-25,2,5963,6132,-169
06:00,2026-09-23,VIC1,2026-09-26,3,6000,5675,325
06:00,2026-09-23,VIC1,2026-09-27,4,6009,5710,299
06:00,2026-09-23,VIC1,2026-09-28,5,6271,6518,-247
06:00,2026-09-23,VIC1,2026-09-29,6,6241,6361,-120
06:00,2026-09-23,VIC1,2026-09-30,7,6200,6239,-39
06:00,2026-09-24,NSW1,2026-09-24,0,8912,8788,124
06:00,2026-09-24,NSW1,2026-09-25,1,8831,8838,-7
06:00,2026-09-24,NSW1,2026-09-26,2,8490,8561,-71
06:00,2026-09-24,NSW1,2026-09-27,3,8420,8244,176
06:00,2026-09-24,NSW1,2026-09-28,4,9101,8752,349
06:00,2026-09-24,NSW1,2026-09-29,5,9069,8671,398
06:00,2026-09-24,NSW1,2026-09-30,6,8718,8619,99
06:00,2026-09-24,NSW1,2026-10-01,7,8704,8804,-100
06:00,2026-09-24,QLD1,2026-09-24,0,7564,7626,-62
06:00,2026-09-24,QLD1,2026-09-25,1,7310,7372,-62
06:00,2026-09-24,QLD1,2026-09-26,2,7051,7112,-61
06:00,2026-09-24,QLD1,2026-09-27,3,7280,7332,-52
06:00,2026-09-24,QLD1,2026-09-28,4,7572,7611,-39
06:00,2026-09-24,QLD1,2026-09-29,5,7599,7616,-17
06:00,2026-09-24,QLD1,2026-09-30,6,7560,7596,-36
06:00,2026-09-24,QLD1,2026-10-01,7,7568,7598,-30
06:00,2026-09-24,SA1,2026-09-24,0,1590,1632,-42
06:00,2026-09-24,SA1,2026-09-25,1,1555,1609,-54
06:00,2026-09-24,SA1,2026-09-26,2,1553,1515,38
06:00,2026-09-24,SA1,2026-09-27,3,1598,1542,56
06:00,2026-09-24,SA1,2026-09-28,4,1653,1727,-74
06:00,2026-09-24,SA1,2026-09-29,5,1649,1603,46
06:00,2026-09-24,SA1,2026-09-30,6,1578,1593,-15
06:00,2026-09-24,SA1,2026-10-01,7,1590,1570,20
06:00,2026-09-24,VIC1,2026-09-24,0,6477,6496,-19
06:00,2026-09-24,VIC1,2026-09-25,1,5935,5963,-28
06:00,2026-09-24,VIC1,2026-09-26,2,6249,6000,249
06:00,2026-09-24,VIC1,2026-09-27,3,6531,6009,522
06:00,2026-09-24,VIC1,2026-09-28,4,6586,6271,315
06:00,2026-09-24,VIC1,2026-09-29,5,6194,6241,-47
06:00,2026-09-24,VIC1,2026-09-30,6,6263,6200,63
06:00,2026-09-24,VIC1,2026-10-01,7,6264,6222,42
06:00,2026-09-25,NSW1,2026-09-25,0,8907,8831,76
06:00,2026-09-25,NSW1,2026-09-26,1,8586,8490,96
06:00,2026-09-25,NSW1,2026-09-27,2,8614,8420,194
06:00,2026-09-25,NSW1,2026-09-28,3,9164,9101,63
06:00,2026-09-25,NSW1,2026-09-29,4,9015,9069,-54
06:00,2026-09-25,NSW1,2026-09-30,5,8716,8718,-2
06:00,2026-09-25,NSW1,2026-10-01,6,8870,8704,166
06:00,2026-09-25,NSW1,2026-10-02,7,8639,8386,253
06:00,2026-09-25,QLD1,2026-09-25,0,7314,7310,4
06:00,2026-09-25,QLD1,2026-09-26,1,7065,7051,14
06:00,2026-09-25,QLD1,2026-09-27,2,7296,7280,16
06:00,2026-09-25,QLD1,2026-09-28,3,7591,7572,19
06:00,2026-09-25,QLD1,2026-09-29,4,7574,7599,-25
06:00,2026-09-25,QLD1,2026-09-30,5,7561,7560,1
06:00,2026-09-25,QLD1,2026-10-01,6,7551,7568,-17
06:00,2026-09-25,QLD1,2026-10-02,7,7393,7397,-4
06:00,2026-09-25,SA1,2026-09-25,0,1573,1555,18
06:00,2026-09-25,SA1,2026-09-26,1,1576,1553,23
06:00,2026-09-25,SA1,2026-09-27,2,1581,1598,-17
06:00,2026-09-25,SA1,2026-09-28,3,1674,1653,21
06:00,2026-09-25,SA1,2026-09-29,4,1761,1649,112
06:00,2026-09-25,SA1,2026-09-30,5,1601,1578,23
06:00,2026-09-25,SA1,2026-10-01,6,1574,1590,-16
06:00,2026-09-25,SA1,2026-10-02,7,1617,1599,18
06:00,2026-09-25,VIC1,2026-09-25,0,6002,5935,67
06:00,2026-09-25,VIC1,2026-09-26,1,6319,6249,70
06:00,2026-09-25,VIC1,2026-09-27,2,6516,6531,-15
06:00,2026-09-25,VIC1,2026-09-28,3,6540,6586,-46
06:00,2026-09-25,VIC1,2026-09-29,4,6197,6194,3
06:00,2026-09-25,VIC1,2026-09-30,5,6256,6263,-7
06:00,2026-09-25,VIC1,2026-10-01,6,6346,6264,82
06:00,2026-09-25,VIC1,2026-10-02,7,6302,6350,-48
06:00,2026-09-26,NSW1,2026-09-26,0,8521,8586,-65
06:00,2026-09-26,NSW1,2026-09-27,1,8740,8614,126
06:00,2026-09-26,NSW1,2026-09-28,2,9173,9164,9
06:00,2026-09-26,NSW1,2026-09-29,3,8992,9015,-23
06:00,2026-09-26,NSW1,2026-09-30,4,8747,8716,31
06:00,2026-09-26,NSW1,2026-10-01,5,9083,8870,213
06:00,2026-09-26,NSW1,2026-10-02,6,8762,8639,123
06:00,2026-09-26,NSW1,2026-10-03,7,8002,7971,31
06:00,2026-09-26,QLD1,2026-09-26,0,7027,7065,-38
06:00,2026-09-26,QLD1,2026-09-27,1,7326,7296,30
06:00,2026-09-26,QLD1,2026-09-28,2,7629,7591,38
06:00,2026-09-26,QLD1,2026-09-29,3,7566,7574,-8
06:00,2026-09-26,QLD1,2026-09-30,4,7572,7561,11
06:00,2026-09-26,QLD1,2026-10-01,5,7562,7551,11
06:00,2026-09-26,QLD1,2026-10-02,6,7392,7393,-1
06:00,2026-09-26,QLD1,2026-10-03,7,7193,7189,4
06:00,2026-09-26,SA1,2026-09-26,0,1595,1576,19
06:00,2026-09-26,SA1,2026-09-27,1,1597,1581,16
06:00,2026-09-26,SA1,2026-09-28,2,1654,1674,-20
06:00,2026-09-26,SA1,2026-09-29,3,1850,1761,89
06:00,2026-09-26,SA1,2026-09-30,4,1639,1601,38
06:00,2026-09-26,SA1,2026-10-01,5,1569,1574,-5
06:00,2026-09-26,SA1,2026-10-02,6,1612,1617,-5
06:00,2026-09-26,SA1,2026-10-03,7,1571,1553,18
06:00,2026-09-26,VIC1,2026-09-26,0,6290,6319,-29
06:00,2026-09-26,VIC1,2026-09-27,1,6517,6516,1
06:00,2026-09-26,VIC1,2026-09-28,2,6518,6540,-22
06:00,2026-09-26,VIC1,2026-09-29,3,6215,6197,18
06:00,2026-09-26,VIC1,2026-09-30,4,6259,6256,3
06:00,2026-09-26,VIC1,2026-10-01,5,6334,6346,-12
06:00,2026-09-26,VIC1,2026-10-02,6,6300,6302,-2
06:00,2026-09-26,VIC1,2026-10-03,7,5890,6064,-174
06:00,2026-09-27,NSW1,2026-09-27,0,8916,8740,176
06:00,2026-09-27,NSW1,2026-09-28,1,9154,9173,-19
06:00,2026-09-27,NSW1,2026-09-29,2,8963,8992,-29
06:00,2026-09-27,NSW1,2026-09-30,3,8765,8747,18
06:00,2026-09-27,NSW1,2026-10-01,4,9109,9083,26
06:00,2026-09-27,NSW1,2026-10-02,5,8489,8762,-273
06:00,2026-09-27,NSW1,2026-10-03,6,8116,8002,114
06:00,2026-09-27,NSW1,2026-10-04,7,8033,7908,125
06:00,2026-09-27,QLD1,2026-09-27,0,7262,7326,-64
06:00,2026-09-27,QLD1,2026-09-28,1,7585,7629,-44
06:00,2026-09-27,QLD1,2026-09-29,2,7526,7566,-40
06:00,2026-09-27,QLD1,2026-09-30,3,7549,7572,-23
06:00,2026-09-27,QLD1,2026-10-01,4,7554,7562,-8
06:00,2026-09-27,QLD1,2026-10-02,5,7400,7392,8
06:00,2026-09-27,QLD1,2026-10-03,6,7165,7193,-28
06:00,2026-09-27,QLD1,2026-10-04,7,7319,7347,-28
06:00,2026-09-27,SA1,2026-09-27,0,1587,1597,-10
06:00,2026-09-27,SA1,2026-09-28,1,1667,1654,13
06:00,2026-09-27,SA1,2026-09-29,2,1935,1850,85
06:00,2026-09-27,SA1,2026-09-30,3,1619,1639,-20
06:00,2026-09-27,SA1,2026-10-01,4,1589,1569,20
06:00,2026-09-27,SA1,2026-10-02,5,1645,1612,33
06:00,2026-09-27,SA1,2026-10-03,6,1548,1571,-23
06:00,2026-09-27,SA1,2026-10-04,7,1482,1502,-20
06:00,2026-09-27,VIC1,2026-09-27,0,6562,6517,45
06:00,2026-09-27,VIC1,2026-09-28,1,6511,6518,-7
06:00,2026-09-27,VIC1,2026-09-29,2,6287,6215,72
06:00,2026-09-27,VIC1,2026-09-30,3,6311,6259,52
06:00,2026-09-27,VIC1,2026-10-01,4,6323,6334,-11
06:00,2026-09-27,VIC1,2026-10-02,5,6403,6300,103
06:00,2026-09-27,VIC1,2026-10-03,6,6092,5890,202
06:00,2026-09-27,VIC1,2026-10-04,7,5666,5719,-53
06:00,2026-09-28,NSW1,2026-09-28,0,9254,9154,100
06:00,2026-09-28,NSW1,2026-09-29,1,9060,8963,97
06:00,2026-09-28,NSW1,2026-09-30,2,8762,8765,-3
06:00,2026-09-28,NSW1,2026-10-01,3,9072,9109,-37
06:00,2026-09-28,NSW1,2026-10-02,4,8458,8489,-31
06:00,2026-09-28,NSW1,2026-10-03,5,8170,8116,54
06:00,2026-09-28,NSW1,2026-10-04,6,8088,8033,55
06:00,2026-09-28,NSW1,2026-10-05,7,7958,7824,134
06:00,2026-09-28,QLD1,2026-09-28,0,7512,7585,-73
06:00,2026-09-28,QLD1,2026-09-29,1,7468,7526,-58
06:00,2026-09-28,QLD1,2026-09-30,2,7496,7549,-53
06:00,2026-09-28,QLD1,2026-10-01,3,7503,7554,-51
06:00,2026-09-28,QLD1,2026-10-02,4,7353,7400,-47
06:00,2026-09-28,QLD1,2026-10-03,5,7137,7165,-28
06:00,2026-09-28,QLD1,2026-10-04,6,7307,7319,-12
06:00,2026-09-28,QLD1,2026-10-05,7,7478,7489,-11
06:00,2026-09-28,SA1,2026-09-28,0,1668,1667,1
06:00,2026-09-28,SA1,2026-09-29,1,1908,1935,-27
06:00,2026-09-28,SA1,2026-09-30,2,1618,1619,-1
06:00,2026-09-28,SA1,2026-10-01,3,1598,1589,9
06:00,2026-09-28,SA1,2026-10-02,4,1662,1645,17
06:00,2026-09-28,SA1,2026-10-03,5,1540,1548,-8
06:00,2026-09-28,SA1,2026-10-04,6,1480,1482,-2
06:00,2026-09-28,SA1,2026-10-05,7,1380,1433,-53
06:00,2026-09-28,VIC1,2026-09-28,0,6577,6511,66
06:00,2026-09-28,VIC1,2026-09-29,1,6281,6287,-6
06:00,2026-09-28,VIC1,2026-09-30,2,6431,6311,120
06:00,2026-09-28,VIC1,2026-10-01,3,6362,6323,39
06:00,2026-09-28,VIC1,2026-10-02,4,6552,6403,149
06:00,2026-09-28,VIC1,2026-10-03,5,6046,6092,-46
06:00,2026-09-28,VIC1,2026-10-04,6,5628,5666,-38
06:00,2026-09-28,VIC1,2026-10-05,7,5955,6024,-69
06:00,2026-09-29,NSW1,2026-09-29,0,9053,9060,-7
06:00,2026-09-29,NSW1,2026-09-30,1,8826,8762,64
06:00,2026-09-29,NSW1,2026-10-01,2,9133,9072,61
06:00,2026-09-29,NSW1,2026-10-02,3,8457,8458,-1
06:00,2026-09-29,NSW1,2026-10-03,4,8143,8170,-27
06:00,2026-09-29,NSW1,2026-10-04,5,7994,8088,-94
06:00,2026-09-29,NSW1,2026-10-05,6,7889,7958,-69
06:00,2026-09-29,NSW1,2026-10-06,7,8342,8393,-51
06:00,2026-09-29,QLD1,2026-09-29,0,7476,7468,8
06:00,2026-09-29,QLD1,2026-09-30,1,7512,7496,16
06:00,2026-09-29,QLD1,2026-10-01,2,7499,7503,-4
06:00,2026-09-29,QLD1,2026-10-02,3,7340,7353,-13
06:00,2026-09-29,QLD1,2026-10-03,4,7151,7137,14
06:00,2026-09-29,QLD1,2026-10-04,5,7338,7307,31
06:00,2026-09-29,QLD1,2026-10-05,6,7512,7478,34
06:00,2026-09-29,QLD1,2026-10-06,7,7822,7732,90
06:00,2026-09-29,SA1,2026-09-29,0,1930,1908,22
06:00,2026-09-29,SA1,2026-09-30,1,1622,1618,4
06:00,2026-09-29,SA1,2026-10-01,2,1607,1598,9
06:00,2026-09-29,SA1,2026-10-02,3,1664,1662,2
06:00,2026-09-29,SA1,2026-10-03,4,1551,1540,11
06:00,2026-09-29,SA1,2026-10-04,5,1464,1480,-16
06:00,2026-09-29,SA1,2026-10-05,6,1398,1380,18
06:00,2026-09-29,SA1,2026-10-06,7,1562,1510,52
06:00,2026-09-29,VIC1,2026-09-29,0,6285,6281,4
06:00,2026-09-29,VIC1,2026-09-30,1,6435,6431,4
06:00,2026-09-29,VIC1,2026-10-01,2,6434,6362,72
06:00,2026-09-29,VIC1,2026-10-02,3,6640,6552,88
06:00,2026-09-29,VIC1,2026-10-03,4,6065,6046,19
06:00,2026-09-29,VIC1,2026-10-04,5,5766,5628,138
06:00,2026-09-29,VIC1,2026-10-05,6,6003,5955,48
06:00,2026-09-29,VIC1,2026-10-06,7,6028,5944,84
06:00,2026-09-30,NSW1,2026-09-30,0,8834,8826,8
06:00,2026-09-30,NSW1,2026-10-01,1,9110,9133,-23
06:00,2026-09-30,NSW1,2026-10-02,2,8501,8457,44
06:00,2026-09-30,NSW1,2026-10-03,3,8108,8143,-35
06:00,2026-09-30,NSW1,2026-10-04,4,8019,7994,25
06:00,2026-09-30,NSW1,2026-10-05,5,7926,7889,37
06:00,2026-09-30,NSW1,2026-10-06,6,8415,8342,73
06:00,2026-09-30,NSW1,2026-10-07,7,8388,8353,35
06:00,2026-09-30,QLD1,2026-09-30,0,7512,7512,0
06:00,2026-09-30,QLD1,2026-10-01,1,7507,7499,8
06:00,2026-09-30,QLD1,2026-10-02,2,7368,7340,28
06:00,2026-09-30,QLD1,2026-10-03,3,7161,7151,10
06:00,2026-09-30,QLD1,2026-10-04,4,7356,7338,18
06:00,2026-09-30,QLD1,2026-10-05,5,7535,7512,23
06:00,2026-09-30,QLD1,2026-10-06,6,7877,7822,55
06:00,2026-09-30,QLD1,2026-10-07,7,7868,7842,26
06:00,2026-09-30,SA1,2026-09-30,0,1576,1622,-46
06:00,2026-09-30,SA1,2026-10-01,1,1633,1607,26
06:00,2026-09-30,SA1,2026-10-02,2,1683,1664,19
06:00,2026-09-30,SA1,2026-10-03,3,1582,1551,31
06:00,2026-09-30,SA1,2026-10-04,4,1486,1464,22
06:00,2026-09-30,SA1,2026-10-05,5,1461,1398,63
06:00,2026-09-30,SA1,2026-10-06,6,1604,1562,42
06:00,2026-09-30,SA1,2026-10-07,7,1604,1534,70
06:00,2026-09-30,VIC1,2026-09-30,0,6493,6435,58
06:00,2026-09-30,VIC1,2026-10-01,1,6454,6434,20
06:00,2026-09-30,VIC1,2026-10-02,2,6725,6640,85
06:00,2026-09-30,VIC1,2026-10-03,3,6204,6065,139
06:00,2026-09-30,VIC1,2026-10-04,4,5952,5766,186
06:00,2026-09-30,VIC1,2026-10-05,5,6158,6003,155
06:00,2026-09-30,VIC1,2026-10-06,6,6187,6028,159
06:00,2026-09-30,VIC1,2026-10-07,7,6145,5966,179
06:00,2026-10-01,NSW1,2026-10-01,0,9064,9110,-46
06:00,2026-10-01,NSW1,2026-10-02,1,8470,8501,-31
06:00,2026-10-01,NSW1,2026-10-03,2,8126,8108,18
06:00,2026-10-01,NSW1,2026-10-04,3,8044,8019,25
06:00,2026-10-01,NSW1,2026-10-05,4,7911,7926,-15
06:00,2026-10-01,NSW1,2026-10-06,5,8523,8415,108
06:00,2026-10-01,NSW1,2026-10-07,6,8372,8388,-16
06:00,2026-10-01,NSW1,2026-10-08,7,8287,8398,-111
06:00,2026-10-01,QLD1,2026-10-01,0,7409,7507,-98
06:00,2026-10-01,QLD1,2026-10-02,1,7399,7368,31
06:00,2026-10-01,QLD1,2026-10-03,2,7200,7161,39
06:00,2026-10-01,QLD1,2026-10-04,3,7410,7356,54
06:00,2026-10-01,QLD1,2026-10-05,4,7585,7535,50
06:00,2026-10-01,QLD1,2026-10-06,5,7961,7877,84
06:00,2026-10-01,QLD1,2026-10-07,6,7937,7868,69
06:00,2026-10-01,QLD1,2026-10-08,7,7836,7840,-4
06:00,2026-10-01,SA1,2026-10-01,0,1632,1633,-1
06:00,2026-10-01,SA1,2026-10-02,1,1660,1683,-23
06:00,2026-10-01,SA1,2026-10-03,2,1540,1582,-42
06:00,2026-10-01,SA1,2026-10-04,3,1489,1486,3
06:00,2026-10-01,SA1,2026-10-05,4,1438,1461,-23
06:00,2026-10-01,SA1,2026-10-06,5,1626,1604,22
06:00,2026-10-01,SA1,2026-10-07,6,1584,1604,-20
06:00,2026-10-01,SA1,2026-10-08,7,1538,1546,-8
06:00,2026-10-01,VIC1,2026-10-01,0,6450,6454,-4
06:00,2026-10-01,VIC1,2026-10-02,1,6666,6725,-59
06:00,2026-10-01,VIC1,2026-10-03,2,6078,6204,-126
06:00,2026-10-01,VIC1,2026-10-04,3,5857,5952,-95
06:00,2026-10-01,VIC1,2026-10-05,4,6105,6158,-53
06:00,2026-10-01,VIC1,2026-10-06,5,6509,6187,322
06:00,2026-10-01,VIC1,2026-10-07,6,6350,6145,205
06:00,2026-10-01,VIC1,2026-10-08,7,6264,5918,346
06:00,2026-10-02,NSW1,2026-10-02,0,8552,8470,82
06:00,2026-10-02,NSW1,2026-10-03,1,8135,8126,9
06:00,2026-10-02,NSW1,2026-10-04,2,8091,8044,47
06:00,2026-10-02,NSW1,2026-10-05,3,7893,7911,-18
06:00,2026-10-02,NSW1,2026-10-06,4,8470,8523,-53
06:00,2026-10-02,NSW1,2026-10-07,5,8432,8372,60
06:00,2026-10-02,NSW1,2026-10-08,6,8592,8287,305
06:00,2026-10-02,NSW1,2026-10-09,7,8147,8137,10
06:00,2026-10-02,QLD1,2026-10-02,0,7297,7399,-102
06:00,2026-10-02,QLD1,2026-10-03,1,7125,7200,-75
06:00,2026-10-02,QLD1,2026-10-04,2,7331,7410,-79
06:00,2026-10-02,QLD1,2026-10-05,3,7506,7585,-79
06:00,2026-10-02,QLD1,2026-10-06,4,7898,7961,-63
06:00,2026-10-02,QLD1,2026-10-07,5,7933,7937,-4
06:00,2026-10-02,QLD1,2026-10-08,6,7757,7836,-79
06:00,2026-10-02,QLD1,2026-10-09,7,7633,7716,-83
06:00,2026-10-02,SA1,2026-10-02,0,1656,1660,-4
06:00,2026-10-02,SA1,2026-10-03,1,1551,1540,11
06:00,2026-10-02,SA1,2026-10-04,2,1479,1489,-10
06:00,2026-10-02,SA1,2026-10-05,3,1437,1438,-1
06:00,2026-10-02,SA1,2026-10-06,4,1610,1626,-16
06:00,2026-10-02,SA1,2026-10-07,5,1609,1584,25
06:00,2026-10-02,SA1,2026-10-08,6,1548,1538,10
06:00,2026-10-02,SA1,2026-10-09,7,1495,1536,-41
06:00,2026-10-02,VIC1,2026-10-02,0,6768,6666,102
06:00,2026-10-02,VIC1,2026-10-03,1,6158,6078,80
06:00,2026-10-02,VIC1,2026-10-04,2,5945,5857,88
06:00,2026-10-02,VIC1,2026-10-05,3,6426,6105,321
06:00,2026-10-02,VIC1,2026-10-06,4,6549,6509,40
06:00,2026-10-02,VIC1,2026-10-07,5,6463,6350,113
06:00,2026-10-02,VIC1,2026-10-08,6,6133,6264,-131
06:00,2026-10-02,VIC1,2026-10-09,7,5882,5852,30
06:00,2026-10-03,NSW1,2026-10-03,0,8141,8135,6
06:00,2026-10-03,NSW1,2026-10-04,1,8019,8091,-72
06:00,2026-10-03,NSW1,2026-10-05,2,7925,7893,32
06:00,2026-10-03,NSW1,2026-10-06,3,8537,8470,67
06:00,2026-10-03,NSW1,2026-10-07,4,8424,8432,-8
06:00,2026-10-03,NSW1,2026-10-08,5,8562,8592,-30
06:00,2026-10-03,NSW1,2026-10-09,6,8100,8147,-47
06:00,2026-10-03,NSW1,2026-10-10,7,8090,8227,-137
06:00,2026-10-03,QLD1,2026-10-03,0,7060,7125,-65
06:00,2026-10-03,QLD1,2026-10-04,1,7365,7331,34
06:00,2026-10-03,QLD1,2026-10-05,2,7531,7506,25
06:00,2026-10-03,QLD1,2026-10-06,3,7911,7898,13
06:00,2026-10-03,QLD1,2026-10-07,4,7842,7933,-91
06:00,2026-10-03,QLD1,2026-10-08,5,7719,7757,-38
06:00,2026-10-03,QLD1,2026-10-09,6,7580,7633,-53
06:00,2026-10-03,QLD1,2026-10-10,7,7580,7673,-93
06:00,2026-10-03,SA1,2026-10-03,0,1521,1551,-30
06:00,2026-10-03,SA1,2026-10-04,1,1465,1479,-14
06:00,2026-10-03,SA1,2026-10-05,2,1426,1437,-11
06:00,2026-10-03,SA1,2026-10-06,3,1574,1610,-36
06:00,2026-10-03,SA1,2026-10-07,4,1558,1609,-51
06:00,2026-10-03,SA1,2026-10-08,5,1568,1548,20
06:00,2026-10-03,SA1,2026-10-09,6,1503,1495,8
06:00,2026-10-03,SA1,2026-10-10,7,1431,1419,12
06:00,2026-10-03,VIC1,2026-10-03,0,6361,6158,203
06:00,2026-10-03,VIC1,2026-10-04,1,6109,5945,164
06:00,2026-10-03,VIC1,2026-10-05,2,6452,6426,26
06:00,2026-10-03,VIC1,2026-10-06,3,6459,6549,-90
06:00,2026-10-03,VIC1,2026-10-07,4,6367,6463,-96
06:00,2026-10-03,VIC1,2026-10-08,5,6052,6133,-81
06:00,2026-10-03,VIC1,2026-10-09,6,5748,5882,-134
06:00,2026-10-03,VIC1,2026-10-10,7,5353,5328,25
06:00,2026-10-04,NSW1,2026-10-04,0,8129,8019,110
06:00,2026-10-04,NSW1,2026-10-05,1,7871,7925,-54
06:00,2026-10-04,NSW1,2026-10-06,2,8539,8537,2
06:00,2026-10-04,NSW1,2026-10-07,3,8466,8424,42
06:00,2026-10-04,NSW1,2026-10-08,4,8578,8562,16
06:00,2026-10-04,NSW1,2026-10-09,5,8026,8100,-74
06:00,2026-10-04,NSW1,2026-10-10,6,7920,8090,-170
06:00,2026-10-04,NSW1,2026-10-11,7,7930,8101,-171
06:00,2026-10-04,QLD1,2026-10-04,0,7269,7365,-96
06:00,2026-10-04,QLD1,2026-10-05,1,7549,7531,18
06:00,2026-10-04,QLD1,2026-10-06,2,7955,7911,44
06:00,2026-10-04,QLD1,2026-10-07,3,7825,7842,-17
06:00,2026-10-04,QLD1,2026-10-08,4,7678,7719,-41
06:00,2026-10-04,QLD1,2026-10-09,5,7529,7580,-51
06:00,2026-10-04,QLD1,2026-10-10,6,7416,7580,-164
06:00,2026-10-04,QLD1,2026-10-11,7,7712,7864,-152
06:00,2026-10-04,SA1,2026-10-04,0,1472,1465,7
06:00,2026-10-04,SA1,2026-10-05,1,1437,1426,11
06:00,2026-10-04,SA1,2026-10-06,2,1545,1574,-29
06:00,2026-10-04,SA1,2026-10-07,3,1555,1558,-3
06:00,2026-10-04,SA1,2026-10-08,4,1570,1568,2
06:00,2026-10-04,SA1,2026-10-09,5,1503,1503,0
06:00,2026-10-04,SA1,2026-10-10,6,1430,1431,-1
06:00,2026-10-04,SA1,2026-10-11,7,1451,1463,-12
06:00,2026-10-04,VIC1,2026-10-04,0,6100,6109,-9
06:00,2026-10-04,VIC1,2026-10-05,1,6330,6452,-122
06:00,2026-10-04,VIC1,2026-10-06,2,6477,6459,18
06:00,2026-10-04,VIC1,2026-10-07,3,6281,6367,-86
06:00,2026-10-04,VIC1,2026-10-08,4,6028,6052,-24
06:00,2026-10-04,VIC1,2026-10-09,5,5783,5748,35
06:00,2026-10-04,VIC1,2026-10-10,6,5388,5353,35
06:00,2026-10-04,VIC1,2026-10-11,7,5487,5550,-63
06:00,2026-10-05,NSW1,2026-10-05,0,7906,7871,35
06:00,2026-10-05,NSW1,2026-10-06,1,8602,8539,63
06:00,2026-10-05,NSW1,2026-10-07,2,8516,8466,50
06:00,2026-10-05,NSW1,2026-10-08,3,8496,8578,-82
06:00,2026-10-05,NSW1,2026-10-09,4,8081,8026,55
06:00,2026-10-05,NSW1,2026-10-10,5,7960,7920,40
06:00,2026-10-05,NSW1,2026-10-11,6,8230,7930,300
06:00,2026-10-05,NSW1,2026-10-12,7,8545,8529,16
06:00,2026-10-05,QLD1,2026-10-05,0,7464,7549,-85
06:00,2026-10-05,QLD1,2026-10-06,1,7934,7955,-21
06:00,2026-10-05,QLD1,2026-10-07,2,7826,7825,1
06:00,2026-10-05,QLD1,2026-10-08,3,7672,7678,-6
06:00,2026-10-05,QLD1,2026-10-09,4,7535,7529,6
06:00,2026-10-05,QLD1,2026-10-10,5,7497,7416,81
06:00,2026-10-05,QLD1,2026-10-11,6,7821,7712,109
06:00,2026-10-05,QLD1,2026-10-12,7,8258,8050,208
06:00,2026-10-05,SA1,2026-10-05,0,1427,1437,-10
06:00,2026-10-05,SA1,2026-10-06,1,1575,1545,30
06:00,2026-10-05,SA1,2026-10-07,2,1574,1555,19
06:00,2026-10-05,SA1,2026-10-08,3,1562,1570,-8
06:00,2026-10-05,SA1,2026-10-09,4,1487,1503,-16
06:00,2026-10-05,SA1,2026-10-10,5,1425,1430,-5
06:00,2026-10-05,SA1,2026-10-11,6,1471,1451,20
06:00,2026-10-05,SA1,2026-10-12,7,1594,1582,12
06:00,2026-10-05,VIC1,2026-10-05,0,6305,6330,-25
06:00,2026-10-05,VIC1,2026-10-06,1,6586,6477,109
06:00,2026-10-05,VIC1,2026-10-07,2,6409,6281,128
06:00,2026-10-05,VIC1,2026-10-08,3,6112,6028,84
06:00,2026-10-05,VIC1,2026-10-09,4,5885,5783,102
06:00,2026-10-05,VIC1,2026-10-10,5,5499,5388,111
06:00,2026-10-05,VIC1,2026-10-11,6,5648,5487,161
06:00,2026-10-05,VIC1,2026-10-12,7,6189,6053,136
06:00,2026-10-06,NSW1,2026-10-06,0,8624,8602,22
06:00,2026-10-06,NSW1,2026-10-07,1,8479,8516,-37
06:00,2026-10-06,NSW1,2026-10-08,2,8504,8496,8
06:00,2026-10-06,NSW1,2026-10-09,3,8029,8081,-52
06:00,2026-10-06,NSW1,2026-10-10,4,8064,7960,104
06:00,2026-10-06,NSW1,2026-10-11,5,8192,8230,-38
06:00,2026-10-06,NSW1,2026-10-12,6,8726,8545,181
06:00,2026-10-06,NSW1,2026-10-13,7,8488,8397,91
06:00,2026-10-06,QLD1,2026-10-06,0,7805,7934,-129
06:00,2026-10-06,QLD1,2026-10-07,1,7689,7826,-137
06:00,2026-10-06,QLD1,2026-10-08,2,7518,7672,-154
06:00,2026-10-06,QLD1,2026-10-09,3,7414,7535,-121
06:00,2026-10-06,QLD1,2026-10-10,4,7481,7497,-16
06:00,2026-10-06,QLD1,2026-10-11,5,7934,7821,113
06:00,2026-10-06,QLD1,2026-10-12,6,8456,8258,198
06:00,2026-10-06,QLD1,2026-10-13,7,8238,8320,-82
06:00,2026-10-06,SA1,2026-10-06,0,1537,1575,-38
06:00,2026-10-06,SA1,2026-10-07,1,1550,1574,-24
06:00,2026-10-06,SA1,2026-10-08,2,1537,1562,-25
06:00,2026-10-06,SA1,2026-10-09,3,1511,1487,24
06:00,2026-10-06,SA1,2026-10-10,4,1455,1425,30
06:00,2026-10-06,SA1,2026-10-11,5,1467,1471,-4
06:00,2026-10-06,SA1,2026-10-12,6,1609,1594,15
06:00,2026-10-06,SA1,2026-10-13,7,1725,1710,15
06:00,2026-10-06,VIC1,2026-10-06,0,6661,6586,75
06:00,2026-10-06,VIC1,2026-10-07,1,6562,6409,153
06:00,2026-10-06,VIC1,2026-10-08,2,6229,6112,117
06:00,2026-10-06,VIC1,2026-10-09,3,5866,5885,-19
06:00,2026-10-06,VIC1,2026-10-10,4,5412,5499,-87
06:00,2026-10-06,VIC1,2026-10-11,5,5527,5648,-121
06:00,2026-10-06,VIC1,2026-10-12,6,5970,6189,-219
06:00,2026-10-06,VIC1,2026-10-13,7,6759,6614,145
06:00,2026-10-07,NSW1,2026-10-07,0,8395,8479,-84
06:00,2026-10-07,NSW1,2026-10-08,1,8472,8504,-32
06:00,2026-10-07,NSW1,2026-10-09,2,8048,8029,19
06:00,2026-10-07,NSW1,2026-10-10,3,7958,8064,-106
06:00,2026-10-07,NSW1,2026-10-11,4,8069,8192,-123
06:00,2026-10-07,NSW1,2026-10-12,5,9626,8726,900
06:00,2026-10-07,NSW1,2026-10-13,6,8605,8488,117
06:00,2026-10-07,NSW1,2026-10-14,7,8481,8445,36
06:00,2026-10-07,QLD1,2026-10-07,0,7626,7689,-63
06:00,2026-10-07,QLD1,2026-10-08,1,7481,7518,-37
06:00,2026-10-07,QLD1,2026-10-09,2,7404,7414,-10
06:00,2026-10-07,QLD1,2026-10-10,3,7433,7481,-48
06:00,2026-10-07,QLD1,2026-10-11,4,7858,7934,-76
06:00,2026-10-07,QLD1,2026-10-12,5,8381,8456,-75
06:00,2026-10-07,QLD1,2026-10-13,6,8289,8238,51
06:00,2026-10-07,QLD1,2026-10-14,7,7805,7861,-56
06:00,2026-10-07,SA1,2026-10-07,0,1490,1550,-60
06:00,2026-10-07,SA1,2026-10-08,1,1559,1537,22
06:00,2026-10-07,SA1,2026-10-09,2,1495,1511,-16
06:00,2026-10-07,SA1,2026-10-10,3,1402,1455,-53
06:00,2026-10-07,SA1,2026-10-11,4,1420,1467,-47
06:00,2026-10-07,SA1,2026-10-12,5,1615,1609,6
06:00,2026-10-07,SA1,2026-10-13,6,1783,1725,58
06:00,2026-10-07,SA1,2026-10-14,7,1745,1705,40
06:00,2026-10-07,VIC1,2026-10-07,0,6686,6562,124
06:00,2026-10-07,VIC1,2026-10-08,1,6283,6229,54
06:00,2026-10-07,VIC1,2026-10-09,2,6013,5866,147
06:00,2026-10-07,VIC1,2026-10-10,3,5411,5412,-1
06:00,2026-10-07,VIC1,2026-10-11,4,5409,5527,-118
06:00,2026-10-07,VIC1,2026-10-12,5,6050,5970,80
06:00,2026-10-07,VIC1,2026-10-13,6,6755,6759,-4
06:00,2026-10-07,VIC1,2026-10-14,7,6890,6723,167
06:00,2026-10-08,NSW1,2026-10-08,0,8473,8472,1
06:00,2026-10-08,NSW1,2026-10-09,1,8043,8048,-5
06:00,2026-10-08,NSW1,2026-10-10,2,8122,7958,164
06:00,2026-10-08,NSW1,2026-10-11,3,8318,8069,249
06:00,2026-10-08,NSW1,2026-10-12,4,10037,9626,411
06:00,2026-10-08,NSW1,2026-10-13,5,8557,8605,-48
06:00,2026-10-08,NSW1,2026-10-14,6,8489,8481,8
06:00,2026-10-08,NSW1,2026-10-15,7,8524,8592,-68
06:00,2026-10-08,QLD1,2026-10-08,0,7407,7481,-74
06:00,2026-10-08,QLD1,2026-10-09,1,7431,7404,27
06:00,2026-10-08,QLD1,2026-10-10,2,7411,7433,-22
06:00,2026-10-08,QLD1,2026-10-11,3,7872,7858,14
06:00,2026-10-08,QLD1,2026-10-12,4,8426,8381,45
06:00,2026-10-08,QLD1,2026-10-13,5,8275,8289,-14
06:00,2026-10-08,QLD1,2026-10-14,6,7785,7805,-20
06:00,2026-10-08,QLD1,2026-10-15,7,7597,7562,35
06:00,2026-10-08,SA1,2026-10-08,0,1572,1559,13
06:00,2026-10-08,SA1,2026-10-09,1,1515,1495,20
06:00,2026-10-08,SA1,2026-10-10,2,1407,1402,5
06:00,2026-10-08,SA1,2026-10-11,3,1447,1420,27
06:00,2026-10-08,SA1,2026-10-12,4,1636,1615,21
06:00,2026-10-08,SA1,2026-10-13,5,1768,1783,-15
06:00,2026-10-08,SA1,2026-10-14,6,1745,1745,0
06:00,2026-10-08,SA1,2026-10-15,7,1654,1697,-43
06:00,2026-10-08,VIC1,2026-10-08,0,6458,6283,175
06:00,2026-10-08,VIC1,2026-10-09,1,6007,6013,-6
06:00,2026-10-08,VIC1,2026-10-10,2,5396,5411,-15
06:00,2026-10-08,VIC1,2026-10-11,3,5434,5409,25
06:00,2026-10-08,VIC1,2026-10-12,4,6306,6050,256
06:00,2026-10-08,VIC1,2026-10-13,5,6744,6755,-11
06:00,2026-10-08,VIC1,2026-10-14,6,6863,6890,-27
06:00,2026-10-08,VIC1,2026-10-15,7,6604,6722,-118
06:00,2026-10-09,NSW1,2026-10-09,0,8117,8043,74
06:00,2026-10-09,NSW1,2026-10-10,1,8196,8122,74
06:00,2026-10-09,NSW1,2026-10-11,2,8422,8318,104
06:00,2026-10-09,NSW1,2026-10-12,3,10132,10037,95
06:00,2026-10-09,NSW1,2026-10-13,4,8566,8557,9
06:00,2026-10-09,NSW1,2026-10-14,5,8495,8489,6
06:00,2026-10-09,NSW1,2026-10-15,6,8610,8524,86
06:00,2026-10-09,NSW1,2026-10-16,7,8367,8336,31
06:00,2026-10-09,QLD1,2026-10-09,0,7419,7431,-12
06:00,2026-10-09,QLD1,2026-10-10,1,7386,7411,-25
06:00,2026-10-09,QLD1,2026-10-11,2,7815,7872,-57
06:00,2026-10-09,QLD1,2026-10-12,3,8334,8426,-92
06:00,2026-10-09,QLD1,2026-10-13,4,8216,8275,-59
06:00,2026-10-09,QLD1,2026-10-14,5,7781,7785,-4
06:00,2026-10-09,QLD1,2026-10-15,6,7586,7597,-11
06:00,2026-10-09,QLD1,2026-10-16,7,7529,7533,-4
06:00,2026-10-09,SA1,2026-10-09,0,1539,1515,24
06:00,2026-10-09,SA1,2026-10-10,1,1398,1407,-9
06:00,2026-10-09,SA1,2026-10-11,2,1459,1447,12
06:00,2026-10-09,SA1,2026-10-12,3,1618,1636,-18
06:00,2026-10-09,SA1,2026-10-13,4,1722,1768,-46
06:00,2026-10-09,SA1,2026-10-14,5,1674,1745,-71
06:00,2026-10-09,SA1,2026-10-15,6,1586,1654,-68
06:00,2026-10-09,SA1,2026-10-16,7,1467,1503,-36
06:00,2026-10-09,VIC1,2026-10-09,0,6016,6007,9
06:00,2026-10-09,VIC1,2026-10-10,1,5337,5396,-59
06:00,2026-10-09,VIC1,2026-10-11,2,5465,5434,31
06:00,2026-10-09,VIC1,2026-10-12,3,6322,6306,16
06:00,2026-10-09,VIC1,2026-10-13,4,6764,6744,20
06:00,2026-10-09,VIC1,2026-10-14,5,6732,6863,-131
06:00,2026-10-09,VIC1,2026-10-15,6,6388,6604,-216
06:00,2026-10-09,VIC1,2026-10-16,7,6010,6166,-156
